id,caption,media_type,media_url,permalink,timestamp
17929867522122961,Sextou!,IMAGE,https://scontent-iad3-1.cdninstagram.com/v/t51.2885-15/31765095_442084279576481_4481037558574219264_n.jpg?stp=dst-jpg_e35_tt6&_nc_cat=110&ccb=1-7&_nc_sid=18de74&_nc_ohc=UMRVB5OfDTgQ7kNvwF-1eID&_nc_oc=AdmRCibwuli0oqvY5E3C1R13Lml5gyBaFXORHQAC_WEt10ED0RViNMf5eVJbtFVSUes&_nc_zt=23&_nc_ht=scontent-iad3-1.cdninstagram.com&edm=AM6HXa8EAAAA&oh=00_AfVx_-EWgu_blsD7nkx_D_-MHNBMUlBII2QpH3qQiBxRKg&oe=68AD530C,https://www.instagram.com/p/Bi6C4OeHP8J/,2018-05-18T05:24:45+0000
17935907824074034,Taking over the World #Gruu #quarta-feira #yelp #wednesday,CAROUSEL_ALBUM,https://scontent-iad3-1.cdninstagram.com/v/t51.2885-15/31557219_1852916401421415_7878634398000611328_n.jpg?stp=dst-jpg_e35_tt6&_nc_cat=107&ccb=1-7&_nc_sid=18de74&_nc_ohc=ATSGOqzDOKgQ7kNvwECrS6X&_nc_oc=Adkiak5wzWqqaEiG-xZAqYJal7bc5BG4t0deFMGDA1Az1eBB6PfPA2kL0wa3O74SRJg&_nc_zt=23&_nc_ht=scontent-iad3-1.cdninstagram.com&edm=AM6HXa8EAAAA&oh=00_AfX86RA8BHKQR6mjcVinJ9f79s30_9MdrBg7QUA-RuqyDg&oe=68AD35A9,https://www.instagram.com/p/BiklSQinhvi/,2018-05-09T21:22:07+0000
17927448517120120,"Depois de tanto tempo sem postar nada, tá aí o motivo e a história da minha vida #tuesday #terça",IMAGE,https://scontent-iad3-2.cdninstagram.com/v/t51.2885-15/31425409_1831573490481151_7653756808099528704_n.jpg?stp=dst-jpg_e35_tt6&_nc_cat=106&ccb=1-7&_nc_sid=18de74&_nc_ohc=oQpmY0OO084Q7kNvwFABAfX&_nc_oc=AdlcxCc0Evflw58N7csDJ5uxbo1-p4VfneOoezdXLiYhc6riXy5hJNSk2jD57fBVOF8&_nc_zt=23&_nc_ht=scontent-iad3-2.cdninstagram.com&edm=AM6HXa8EAAAA&oh=00_AfWF5wnYAu2_NPEXqhXXcZrMCL0pnI1DjgDCKCNoJjfThg&oe=68AD4035,https://www.instagram.com/p/BiifUEMHiMC/,2018-05-09T01:51:27+0000
17844113254249608,Trago verdades inconvenientes #Quinta-feira #vegan #gado #respeito,IMAGE,https://scontent-iad3-2.cdninstagram.com/v/t51.2885-15/29404317_331847814004513_2499931958549676032_n.jpg?stp=dst-jpg_e35_tt6&_nc_cat=111&ccb=1-7&_nc_sid=18de74&_nc_ohc=0w7-3lhgTdIQ7kNvwH44JSx&_nc_oc=AdkMq6vrtN26P5dpmulX240IoSBSYevhR1HtWwm9lyKVIhl384d-fvreg6P0_aRIec8&_nc_zt=23&_nc_ht=scontent-iad3-2.cdninstagram.com&edm=AM6HXa8EAAAA&oh=00_AfXLhTQTyTzZ-BzXYr-_xfSJ15LsWRMfd3upnz5P0BLZKw&oe=68AD3BA3,https://www.instagram.com/p/Bg6s9WFnBZG/,2018-03-29T18:29:40+0000
17905733677177003,"""Agora as quadradinhas COM SEM glúten"" #quartafeira #naofazsentido",IMAGE,https://scontent-iad3-1.cdninstagram.com/v/t51.2885-15/29415506_1703259986515945_1377120313581502464_n.jpg?stp=dst-jpg_e35_tt6&_nc_cat=101&ccb=1-7&_nc_sid=18de74&_nc_ohc=pjm5L0JBFxcQ7kNvwE52U-0&_nc_oc=AdmwX3UnSYsOs-0ZLT-eU2TI7qCy6jWYV6fTvE9I5LiMHt6bFI4k2D1ZBUHWCUiwuvA&_nc_zt=23&_nc_ht=scontent-iad3-1.cdninstagram.com&edm=AM6HXa8EAAAA&oh=00_AfUF4rtIdFm9kVBosgMB2TsvAqnwPjEmGfnsOKmxDsoKfQ&oe=68AD3F65,https://www.instagram.com/p/Bg4smISnxpU/,2018-03-28T23:48:01+0000
17872984876217629,"Uma excelente leitura para esse feriado que está chegando, com muitas lições a serem aprendidas . #Terça-feiraDaRecomendacão",IMAGE,https://scontent-iad3-2.cdninstagram.com/v/t51.2885-15/29401489_181264339182355_6595570161644732416_n.jpg?stp=dst-jpg_e35_tt6&_nc_cat=111&ccb=1-7&_nc_sid=18de74&_nc_ohc=czUc_3euNXIQ7kNvwHQWibO&_nc_oc=Adk6kDkRqaD7oBTC55vstIxEJDfVKVPF9dtQEdRGW53gOCcSgkGTLpBQ7vOheHFJT-o&_nc_zt=23&_nc_ht=scontent-iad3-2.cdninstagram.com&edm=AM6HXa8EAAAA&oh=00_AfUIxKJ87br-z_c3ovYrsLtQphCxfeZDDN8NIJGWQQb3zA&oe=68AD3D56,https://www.instagram.com/p/Bg1k_sFH31b/,2018-03-27T18:43:52+0000
17933113633000652,"Para sanar a minha dúvida sobre quando usar cada um dos termos a seguir:

Eficaz, Eficiente ou Efetivo?
Texto de Carlos Alberto de Faria em 02/07/2008 ""Eu vou dar uma versão, e uma tentativa de integração destes termos, dentro dos conceitos da área de administração.

O que é EFICIENTE?

EFICIENTE (ou eficiência) refere-se a como fazer o que tem para ser feito. Este conceito refere-se a como as “coisas” são feitas, aos valores, à visão, comportamentos, atitudes, métodos, procedimentos e estilos e está na presente em toda a empresa.

O que é EFICAZ?

EFICAZ (ou eficácia) refere-se a fazer o que deve ser feito. Este conceito tem a ver com o foco em uma determinada direção (visão) e concentração de energia (recursos humanos, materiais e financeiros) para a execução da missão.

O que é EFETIVO?

EFETIVO (ou efetividade) refere-se a fazer certo as coisas certas, com qualidade. Este conceito engloba os dois anteriores, acrescido da qualidade.""",CAROUSEL_ALBUM,https://scontent-iad3-1.cdninstagram.com/v/t51.2885-15/29090269_1827976970833448_3769708369250615296_n.jpg?stp=dst-jpg_e35_tt6&_nc_cat=109&ccb=1-7&_nc_sid=18de74&_nc_ohc=0dFgvsXZzmgQ7kNvwF6bHEU&_nc_oc=AdlH815rfuE1HNujPkoN0VEJyj5y8bCfSdhgFVqgGiESHqJoZXAr4c6c6F9Tym7Y0GY&_nc_zt=23&_nc_ht=scontent-iad3-1.cdninstagram.com&edm=AM6HXa8EAAAA&oh=00_AfWJOG7Sx9ao8p7IYDMWK7_4oCymatTK4LBGzB1dJ00P8Q&oe=68AD5067,https://www.instagram.com/p/BgxbN0ajI7E/,2018-03-26T04:01:28+0000
17934844015030543,2 kool 4 skool #lifestyle,IMAGE,https://scontent-iad3-1.cdninstagram.com/v/t51.2885-15/29400877_180023192793097_3789202268029452288_n.jpg?stp=dst-jpg_e35_tt6&_nc_cat=108&ccb=1-7&_nc_sid=18de74&_nc_ohc=-s5CBbKA7xYQ7kNvwEAXrFG&_nc_oc=AdmY541L_OXUb3UBZWLXhfk9fXH6MrntSMu8cOjHNcGagUil2fwnmxpjJlK6dxUqxc4&_nc_zt=23&_nc_ht=scontent-iad3-1.cdninstagram.com&edm=AM6HXa8EAAAA&oh=00_AfV4Qbfc2gjUiBxQV9CkPhfSC05b7wxJywF2gNKcPbOBlQ&oe=68AD39DF,https://www.instagram.com/p/BgxKo42Hv1x/,2018-03-26T01:36:36+0000
17931817888025190,"Vamos começar com algo bem light mood, que por algum motivo me lembrou vários depoimentos que já ouvi  de jogadores da NFL.",IMAGE,https://scontent-iad3-2.cdninstagram.com/v/t51.2885-15/29402574_1391071187671487_719642433532461056_n.jpg?stp=dst-jpg_e35_tt6&_nc_cat=103&ccb=1-7&_nc_sid=18de74&_nc_ohc=Gzjym2m9nMcQ7kNvwE7urUM&_nc_oc=AdnCMLVlsf1Tr7mpQzIgnoXdT4RN4x_69NEuX3OMiCFs3n24nRuf94fct3e8umEJS10&_nc_zt=23&_nc_ht=scontent-iad3-2.cdninstagram.com&edm=AM6HXa8EAAAA&oh=00_AfUcfof0VWc53uHtKen45u2GRlCLkQbmhemQU7MniGz-pw&oe=68AD5C00,https://www.instagram.com/p/BgvKU2EDgCf/,2018-03-25T06:55:23+0000
