Nome,Endereço,Cidade,Estado,CEP,Telefone,Site,Atividades
A.R. CONSULTORIA E SANEAMENTO LTDA,"RUA PADRE ROMA 303, SL 101 CENTRO",FLORIANOPOLIS,SC,88010-090,48 3225-6074,WWW.AR-ENG.COM.BR,arquitetura;controles tecnológicos;engenharia;estudos e projetos;planejamento
"ABF ENGENHARIA, SERVICOS E COMERCIO LTDA","RUA CARLOS ESTEVAO, 57, MADALENA",RECIFE,PE,50720-050,81 3236-8484,www.abfengenharia.com.br,engenharia;estudos e projetos;geotecnia;gerenciamento;planejamento;topografia
ABG ENGENHARIA E MEIO AMBIENTE LTDA,"RUA DR BARROS CASSAL 180, CJ 804 FLORESTA",PORTO ALEGRE,RS,90035-901,51 3313-9110,,estudos e projetos;gerenciamento;planejamento
ACCIONA ENGENHARIA LTDA,"RUA OLIMPIADAS 134, CONJ 112 VILA OLIMPIA",SAO PAULO,SP,01407-200,11 3073-0931,,arquitetura;engenharia;estudos e projetos;geotecnia;gerenciamento;planejamento
ACQUATOOL CONSULTORIA S/S LTDA,"AV DOM LUIS, 300, SL 702 ALDEOTA",FORTALEZA,CE,60160-230,85 3264-9700,WWW.ACQUATOOL.COM.BR,controles tecnológicos;engenharia;estudos e projetos;geotecnia;gerenciamento;inspeção;planejamento;topografia
AEROGEO AEROFOTOMETRIA GEOPROCESSAMENTO E ENG LTDA,"RUA DELFINA FUSQUINI SIRIANNI 65, JD VILA NOVA  .BR",PORTO ALEGRE,RS,91750-280,51 3248-5833,AEROGEO.COM,aerofotogrametria;engenharia;estudos e projetos;geotecnia;topografia
AFIRMA – ENGENHARIA E PROJETOS LTDA,"AV VEREADOR ARLINDO CHEMIN 50, SL 201 CENTRO",CAMPO LARGO,PR,83601-070,41 3244-6396,WWW.AFIRMA.ENG.BR,controles tecnológicos;engenharia;estudos e projetos;geotecnia;gerenciamento;inspeção;topografia
AGF ENGENHARIA LTDA,"RUA SAO VICENTE DE PAULO, 481 , CENTRO",ARAUCARIA,PR,83702-050,41 3614-4450,,gerenciamento;planejamento
AGM PROJETOS DE ENGENHARIA LTDA,"Rua Rego Freitas, 289, 1º Andar, República São Paulo (São Paulo)",,,01220-010,11 5052-2612,www.agmengenharia.com.br,arquitetura;engenharia;estudos e projetos;gerenciamento;planejamento;topografia
ALPHAGEOS – TECNOLOGIA APLICADA SA,"RUA JOAO FERREIRA DE CAMARGO, 703, TAMBORE",BARUERI,SP,06460-060,11 4196-5400,www.alphageos.com.br,controles tecnológicos;estudos e projetos;geotecnia;gerenciamento
ALTA ENGENHARIA DE CONSULTORIA LTDA,"RUA YVON MAGALHAES, 573, CJ 101 SAO BENTO",BELO HORIZONTE,MG,30350-560,31 3546-6926,,arquitetura;engenharia;estudos e projetos;gerenciamento;planejamento
ALUIZIO A.M. D’AVILA ENGENHARIA DE PROJETOS LTDA,"RUA PORTO MARTINS, 546, BROOKLIN NOVO",SAO PAULO,SP,04570-140,11 5506-2253,,engenharia;estudos e projetos
AMBIENTAL CONSULTORES ASSOCIADOS,"AL ALMIRANTE BARROSO, 600, SL 203 CENTRO",JOAO PESSOA,PB,58013-120,83 3222-6522,,arquitetura;estudos e projetos
AMBIENTE BRASIL ENGENHARIA LTDA,"RUA MIRAGAIA, 209, BUTANTA",SAO PAULO,SP,05511-020,11 5084-7978,,engenharia;estudos e projetos;gerenciamento;planejamento
ANDRADE AZEVEDO ARQUITETURA CORPORATIVA LTDA,"AV ANGELICA, 2118, CJ 43/44 40 AND HIGIENOPOLIS",SAO PAULO,SP,01228-200,11 3258-1234,www.andradeazevedo.com.br,arquitetura
AP CONSULTORIA E PROJETOS LTDA,"AV ANTONIO CARLOS MAGALHAES, 3840, 5 AND BLOCO B EDF. CAPEMI PITUBA",SALVADOR,BA,41820-902,71 2202-2500,,arquitetura;engenharia;estudos e projetos;gerenciamento;planejamento
APF PROJETOS SC LTDA,"AV EDILU, 455, 2 AND JARDIM SANTO IGNACIO",SAO BERNARDO DO CAMPO,SP,09861-401,11 4343-4183,,engenharia;estudos e projetos;planejamento
AQUA SALUTIS ENGENHARIA EIRELI ME,"RUA ALFERES POLI 978, CENTRO",CURITIBA,PR,80230-090,,,engenharia;estudos e projetos
ARCADIS LOGOS S.A,"AV DES MOREIRA 760, SL 1610 ALDEOTA",FORTALEZA,CE,60170-000,85 3105-1085,,arquitetura;controles tecnológicos;engenharia;estudos e projetos;geotecnia;gerenciamento;paisagismo;planejamento;topografia
ARCADIS LOGOS S.A,"SCN SETOR COMERCIAL NORTE, QD 04, BL B SL 202 A CENTRO",BRASILIA,DF,70714-900,11 3117-3171,,
ARCADIS LOGOS S.A,"RUA FORTALEZA, 65, QD 05",LT 05/09 – SL 205 ALTO DA GLORIA – GOIANIA,GO,74815-710,62 3212-0384,,
ARCADIS LOGOS S.A,"RUA PERNAMBUCO, 1000, SL 301 FUNCIONARIOS",BELO HORIZONTE,MG,30130-151,31 3194-8966,www.arcadislogos.com.br,arquitetura;engenharia;estudos e projetos;gerenciamento;inspeção;planejamento;topografia
ARCADIS LOGOS S.A,"RUA DO MERCADO 17, 14 AND CENTRO",RIO DE JANEIRO,RJ,20010-120,21 2217-6453,,engenharia
ARCADIS LOGOS S.A.,"R. LIBERO BADARO 377, 6. AND.",CJ. 605 CENTRO – SAO PAULO,SP,01009-906,11 3117-3171,WWW.ARCADISLOGOS.COM.BR,arquitetura;engenharia;estudos e projetos;gerenciamento;inspeção;planejamento
ARCO PROJETO E CONSTRUCOES LTDA,"AV PRESIDENTE EPITACIO PESSOA, 2900, TAMBAUZINHO",JOAO PESSOA,PB,58040-000,83 3225-8300,,arquitetura;engenharia;estudos e projetos;gerenciamento;planejamento
ARGEPLAN – ARQUITETURA E ENGENHARIA LTDA,"RUA JUATUBA, 68, VILA MADALENA",SAO PAULO,SP,05441-030,11 3673-5455,www.argeplan.com.br,arquitetura;engenharia;estudos e projetos;gerenciamento;paisagismo;planejamento
ARQUITETO PEDRO TADDEI E ASSOCIADOS SS LTDA,"RUA PEDROSO ALVARENGA, 1177, CJ 11 ITAIM BIBI",SAO PAULO,SP,04531-012,11 3031-1225,,arquitetura
ARQUITETOS ASSOCIADOS DELBERG P LEON SS – EPP,"RUA PEREIRA VALENTE, 1645, VARJOTA  .COM.BR",FORTALEZA,CE,60160-250,85 3244-1333,WWW.DELBERGARQUITETOS,arquitetura;estudos e projetos;paisagismo
ARQUITETURA JULIO NEVES LTDA,"RUA GAL MENA BARRETO, 427, JD PAULISTA",SAO PAULO,SP,01433-901,11 3885-7677,,arquitetura
ARTIFICIO ARQUITETURA E PLANEJAMENTO LTDA,"RUA GOMES DE MEDEIROS, 176, VILA BEATRIZ",SAO PAULO,SP,05447-030,11 3032-1083,www.artificio.arq.br,arquitetura;estudos e projetos;planejamento
ASTEC ENGENHARIA LTDA,"ST SRTVS QD 701 BLOCO B SL 614, ASA SUL",BRASILIA,DF,70340-907,17 2137-1666,WWW.ASTEC.ENG.BR,arquitetura;controles tecnológicos;engenharia;estudos e projetos;geotecnia;gerenciamento;inspeção;planejamento
ASTEC ENGENHARIA LTDA,"RUA ANTONIO FREDERICO OZANAN, 157, REDENTORA",ADAMANTINA,SP,15015-430,17 2137-1666,,controles tecnológicos;engenharia;estudos e projetos;geotecnia;gerenciamento;inspeção;paisagismo;planejamento
ASTEC ENGENHARIA LTDA,"RUA DOM PEDRO II, 637, CENTRO",PORTO VELHO,RO,78900-000,17 2137-1666,WWW.ASTEC.ENG.BR,arquitetura;engenharia;estudos e projetos;geotecnia;gerenciamento;inspeção;planejamento
ASTEP – ENGENHARIA LTDA,"RUA PE TEOFILO TWORZ, 161, CASA PRADO",RECIFE,PE,50830-080,81 2102-3232,,controles tecnológicos;engenharia;estudos e projetos;geotecnia;inspeção;topografia
ATNAS ENGENHARIA LTDA,"RUA MARIZ E BARROS, 383, ICARAI",NITEROI,RJ,24220-120,21 2611-7552,WWW.ATNAS.COM.BR,gerenciamento;planejamento
ATP ENERGIA LTDA,"AV CONSUL VILARES FRAGOSO 291C, BONGI",RECIFE,PE,52060-200,81 3265-4239,WWW.ATPENERGIA.COM.BR,estudos e projetos;geotecnia;planejamento
ATP ENGENHARIA LTDA,"RUA ALFREDO FERNANDES, 115, CASA CASA FORTE",RECIFE,PE,52060-320,81 3878-4000,www.atp.eng.br,engenharia;estudos e projetos
AUSENCO DO BRASIL ENGENHARIA LTDA,"RUA KEPLER, 970 SANTA LÚCIA – BELO HORIZONTE – MG FONE: (31) 32285400",,,30360-536,,www.ausenco.com,engenharia;estudos e projetos;geotecnia;gerenciamento;inspeção;planejamento
AUTOGRAFICS ARQUITETURA E PLANEJAMENTO LTDA,"RUA DECIO VILARES, 241, 302 COPACABANA",RIO DE JANEIRO,RJ,22041-040,21 2215-0171,,arquitetura;estudos e projetos;gerenciamento;paisagismo;planejamento
AUTOMIND AUTOMACAO  IND PROD E SERV TECNICO LTDA,"RUA MANUEL BARRETO 701, CASA GRACA",SALVADOR,BA,40150-360,71 3331-3271,,controles tecnológicos;engenharia;estudos e projetos;gerenciamento;planejamento
AVANTEC ENGENHARIA LTDA EPP,"RUA LAURO FERREIRA PINTO 677, BOX 35 CENTRO",ALFREDO CHAVES,ES,29240-000,,,aerofotogrametria;arquitetura;controles tecnológicos;engenharia;estudos e projetos;geotecnia;gerenciamento;inspeção;paisagismo;planejamento;topografia
BCP ENGENHARIA LTDA,"AV. TANCREDO NEVES, 1283, SL. 1101/1102 PITUBA",SALVADOR,BA,41820-021,71 3341-9144,WWW.BCPENGENHARIA.COM,engenharia;estudos e projetos;gerenciamento;planejamento
BELBA – ENGENHEIROS CONSULTORES LTDA,"RUA ALMIRANTE ALEXANDRINO, 118, GUTIERREZ",BELO HORIZONTE,MG,30441-036,31 3291-0606,,engenharia;estudos e projetos;geotecnia;gerenciamento;planejamento;topografia
BIT ENGENHARIA LTDA,"RUA OLIMPIADAS, 100, 2 AND VILA OLIMPIA",SAO PAULO,SP,04551-000,11 3048-9300,,engenharia;estudos e projetos;gerenciamento;inspeção;planejamento
BONIN ENGENHARIA DE AVALIACOES S/S LTDA,"RUA DOM JAIME CAMARA 179, SALA 908 CENTRO",FLORIANOPOLIS,SC,88015-120,48 3224-5985,,engenharia;estudos e projetos
BORELLI E MERIGO – ARQUITETURA E URBANISMO SC LTDA,"RUA HEITOR PENTEADO, 47, CASA 05 SUMARE",SAO PAULO,SP,05437-000,11 3872-5911,,arquitetura;paisagismo;planejamento
BOTTI RUBIN – ARQUITETOS ASSOCIADOS SS,"RUA HUNGRIA, 888, 6 E 7 AND JD EUROPA",SAO PAULO,SP,01455-905,11 3035-1717,WWW.BOTTIRUBIN.COM.BR,arquitetura;estudos e projetos
BOURSCHEID ENGENHARIA E MEIO AMBIENTE SA,"RUA MIGUEL TOSTES, 962, RIO BRANCO",PORTO ALEGRE,RS,90430-060,51 3341-5152,,engenharia;estudos e projetos;gerenciamento;topografia
BUREAU DE PROJETOS E CONSULTORIA LTDA,"RUA GIRASSOL, 1033, VILA MADALENA",SAO PAULO,SP,05433-002,11 3817-0200,,arquitetura;engenharia;estudos e projetos;geotecnia;gerenciamento;inspeção;planejamento;topografia
CAPPE BRASIL ENGENHARIA LTDA,"RUA AQUILES LOBO, 544, FLORESTA",BELO HORIZONTE,MG,30150-160,31 2551-8100,WWW.CAPPE.COM.BR,arquitetura;engenharia;estudos e projetos;geotecnia;inspeção;paisagismo;topografia
CASTRO ENGENHARIA S/S LTDA,"RUA FRANCISCO ALVES 325, SL 104 E 105",BL B PAISANDU – RECIFE,PE,50070-490,81 3221-9613,,engenharia;estudos e projetos
CASTRO MELLO ARQUITETOS LTDA,"RUA AMERICO BRASILIENSE, 1765, CJ 123 CH S ANTONIO",SAO PAULO,SP,04715-005,11 5181-1433,www.castromello.com.br,arquitetura
"CEC – CONSULTORIA, ENGENHARIA E CONTROLE LTDA","AV TANCREDO NEVES, EDF GARCIA D AVILA 1543, SAL A 204 CAMINHO DAS ARVORES",SALVADOR,BA,41820-021,71 3341-4129,,engenharia;estudos e projetos
CEPROL – CONSULTORIA E ENGENHARIA DE PROJETOS LTDA,"AV ALVARES CABRAL, 593, CJ 801/802 E 804 LOURDES",BELO HORIZONTE,MG,30170-912,31 3272-1822,www.ceprol.com.br,engenharia;estudos e projetos;gerenciamento;inspeção
CFA – CAMBIAGHI ARQUITETURA LTDA,"RUA DO ROCIO, 351, 2 AND CJ 21 VILA OLIMPIA",SAO PAULO,SP,04552-905,11 3040-4444,www.cambiaghi.com.br,arquitetura;estudos e projetos;gerenciamento;paisagismo;planejamento
CGP CONSULTORIA GERENCIAMENTO E PLANEJAMENTO LTDA,"AV BRASIL 248, SL 501 SANTA EFIGENIA",BELO HORIZONTE,MG,30140-001,31 3241-4043,,controles tecnológicos;engenharia;estudos e projetos;geotecnia;gerenciamento;inspeção;planejamento;topografia
CHROMA ENGENHARIA LTDA,"RUA APINAGES, 1100, CJ 109",1 AND PERDIZES – SAO PAULO,SP,05017-000,11 3875-1551,,engenharia;estudos e projetos;gerenciamento
CNEC WORLEYPARSONS ENGENHARIA SA,"AV ALFREDO E SOUZA ARANHA, 100, BL A 1 AO 4 AND VILA CRUZEIRO",SAO PAULO,SP,04726-170,11 5696-8101,www.cnec.com.br,arquitetura;controles tecnológicos;engenharia;estudos e projetos;geotecnia;gerenciamento;inspeção;paisagismo;planejamento;topografia
COBRAPE – CIA. BRAS. PROJ. E EMPREENDIMENTOS,"AV ANTONIO SALES, 1317, SL 13 E 14 JOAQUIM TAVORA",FORTALEZA,CE,60135-100,,WWW.COBRAPE.COM.BR,aerofotogrametria;arquitetura;controles tecnológicos;engenharia;estudos e projetos;geotecnia;gerenciamento;inspeção;paisagismo;planejamento
COBRAPE – CIA. BRAS. PROJ. E EMPREENDIMENTOS,SCN,"QUADRA 01 – ED BRASILIA TRADE CENTER – SL 10 , CENTER – BRASILIA",DF,70770-902,61 3326-3385,www.cobrape.com.br,arquitetura;engenharia;gerenciamento;topografia
COBRAPE – CIA. BRAS. PROJ. E EMPREENDIMENTOS,"RUA ALVARENGA PEIXOTO 295, 3 AND SL 301 VILA LOURDES",BELO HORIZONTE,MG,30180-120,31 2515-5903,WWW.COBRAPE.COM.BR,arquitetura;engenharia;gerenciamento;topografia
COBRAPE – CIA. BRAS. PROJ. E EMPREENDIMENTOS,"RUA FERNANDO CESAR, 258, ENCRUZILHADA",RECIFE,PE,52041-170,81 3355-5212,,aerofotogrametria;arquitetura;controles tecnológicos;engenharia;estudos e projetos;geotecnia;gerenciamento;inspeção;paisagismo;planejamento
COBRAPE – CIA. BRAS. PROJ. E EMPREENDIMENTOS,"RUA PREF ANGELO FERRARIO, 1560, ALTO DA XV",CURITIBA,PR,80040-252,41 3019-9291,WWW.COBRAPE.COM.BR,arquitetura;engenharia;gerenciamento;topografia
COBRAPE – CIA. BRAS. PROJ. E EMPREENDIMENTOS,"AV MARECHAL CAMARA, 160, 5 AND SL 1016 CENTRO",RIO DE JANEIRO,RJ,20020-080,21 2215-9386,,aerofotogrametria;arquitetura;controles tecnológicos;engenharia;estudos e projetos;geotecnia;gerenciamento;inspeção;paisagismo;planejamento
COBRAPE – CIA. BRAS. PROJ. E EMPREENDIMENTOS.,"RUA CAPITAO ANTONIO ROSA, 406, JD PAULISTANO",SAO PAULO,SP,01443-010,11 3897-8000,www.cobrape.com.br,engenharia;estudos e projetos;gerenciamento;planejamento
COBRAPI GERENCIAMENTO CONSULTORIA E PROJETOS LTDA,"RUA ELESBAO LINHARES, 188, PRAIA DO CANTO",VITORIA,ES,29055-340,27 3334-0331,WWW.COBRAPI.COM.BR,arquitetura;engenharia;estudos e projetos;gerenciamento;planejamento
COLMEIA ARQUITETURA E ENGENHARIA LTDA,"RUA DOM CARLOS CARLOS COELHO, 110, BELA VISTA",RECIFE,PE,50050-360,81 3423-1174,,arquitetura;controles tecnológicos;engenharia;estudos e projetos;geotecnia;gerenciamento;paisagismo;planejamento;topografia
COMPOR ENGENHARIA E AUTOMACAO LTDA,"RUA APRIGIO VELOSO, 785, SL 03 UNIVERSITARIO CAMPINA GRANDE",CAMPINA GRANDE,PB,58429-170,83 3058-2105,,arquitetura;engenharia;estudos e projetos;gerenciamento;paisagismo;planejamento
CONCREMAT – ENGENHARIA E TECNOLOGIA S/A,"AV SANTOS DUMONT 1789, SL 305 ALDEOTA",FORTALEZA,CE,60150-161,85 3208-6350,,engenharia;estudos e projetos;geotecnia;gerenciamento;planejamento
CONCREMAT – ENGENHARIA E TECNOLOGIA S/A,"ST SHS QD 06 412, CJ A BL A SALA CENTRO COMERCIAL BRASIL 21",BRASILIA,DF,70316-102,61 3964-7600,www.concremat.com.br,controles tecnológicos;engenharia;estudos e projetos;gerenciamento;inspeção;planejamento
CONCREMAT – ENGENHARIA E TECNOLOGIA S/A,"AV DAS NACOES UNIDAS, 13771, BL 1 5 AND VILA GERTRUDES",SAO PAULO,SP,04794-000,11 3862-9944,,arquitetura;engenharia;estudos e projetos;planejamento
CONCREMAT – ENGENHARIA E TECNOLOGIA S/A,"AV JOAO BAPTISTA PARRA, 673, SL 1001ED ENSEADA TOWER PRAIA DO SUA",VITORIA,ES,29052-123,27 3015-2255,www.concremat.com.br,arquitetura;engenharia;estudos e projetos;geotecnia;gerenciamento;planejamento;topografia
CONCREMAT – ENGENHARIA E TECNOLOGIA S/A,"AV JOAO PINHEIRO, 274, 2 AND LOURDES",BELO HORIZONTE,MG,30130-180,31 3116-4400,www.concremat.com.br,engenharia;estudos e projetos
CONCREMAT – ENGENHARIA E TECNOLOGIA S/A,"RUA CAPITAO JOSE DA LUZ, 58, SL 401 A 403 COELHOS",RECIFE,PE,50070-540,81 3423-4773,,aerofotogrametria;arquitetura;controles tecnológicos;engenharia;estudos e projetos;geotecnia;gerenciamento;inspeção;planejamento;topografia
CONCREMAT – ENGENHARIA E TECNOLOGIA S/A,"RUA EUCLIDES DA CUNHA 106, SAO CRISTOVAO",RIO DE JANEIRO,RJ,20940-060,21 3535-4000,,arquitetura;controles tecnológicos;engenharia;estudos e projetos;geotecnia;gerenciamento;inspeção;paisagismo;planejamento
CONCREMAT – ENGENHARIA E TECNOLOGIA S/A,"RUA FURRIEL LUIZ ANTONIO VARGAS, 380, CJ 202 VELA VISTA",PORTO ALEGRE,RS,90470-130,,,arquitetura;controles tecnológicos;engenharia;estudos e projetos;geotecnia;gerenciamento;planejamento;topografia
CONCREMAT – ENGENHARIA E TECNOLOGIA S/A,"AV ACM, 1034, SL 345 A ITAIGARA",SALVADOR,BA,41192-165,71 3351-0795,,arquitetura;engenharia;estudos e projetos;gerenciamento;planejamento
CONCRESOLO ENGENHARIA LTDA,"RUA FREDERICO ABRANCHES, 389, J 92 SANTA CECILIA",SAO PAULO,SP,01225-000,11 3222-8983,,controles tecnológicos;estudos e projetos;geotecnia;gerenciamento
CONCRESOLO ENGENHARIA LTDA,"RUA ANTONIO HENRIQUE DE NORONHA, 51 A, SAO CRISTOVAO",RIO DE JANEIRO,RJ,20910-000,21 3799-3333,WWW.CONCRESOLO.COM.BR,arquitetura;controles tecnológicos;engenharia;estudos e projetos;geotecnia;gerenciamento;paisagismo;planejamento;topografia
CONESTOGA-ROVERS E ASSOCIADOS ENGENHARIA LTDA,"RUA MARIA COELHO AGUIAR, 215, BL F",6 AND JD SAO LUIZ – SAO PAULO,SP,05805-000,11 3741-5117,www.craworld.com,engenharia;estudos e projetos;gerenciamento;planejamento
CONSOL – ENGENHEIROS CONSULTORES,"RUA HERMILIO ALVES 145, SANTA TERESA",BELO HORIZONTE,MG,31010-070,31 3271-3940,www.consol.eng.br,aerofotogrametria;controles tecnológicos;engenharia;estudos e projetos;geotecnia;gerenciamento;planejamento;topografia
CONSPEL – CONSULTORIA E PROJ DE ENG LTDA,"RUA SANTA HELENA, 613 LOTURUMÃ – PINHAIS TLEFONE (41) 36684576",,,83324220,,,engenharia;estudos e projetos;gerenciamento;planejamento
CONSULPLAN CONSULTORIA E PLANEJAMENTO LTDA,"AV ENG ALVES DE SOUZA, 709, CASA IMBIRIBEIRA",RECIFE,PE,51170-300,81 3035-2350,,arquitetura;estudos e projetos;geotecnia;gerenciamento;paisagismo;topografia
CONSULTRIX ENGENHEIROS ASSOCIADOS LTDA,"RUA PADRE GARCIA VELHO, 73, 7 AND PINHEIROS",SAO PAULO,SP,05421-030,11 3034-1188,,engenharia;estudos e projetos
CONTECNICA – CONSULTORIA E PLANEJAMENTO LTDA,"AV VISCONDE DE JEQUITINHONHA, 209, SL 605 BOA VIAGEM",RECIFE,PE,51021-190,81 3227-0961,,arquitetura;controles tecnológicos;estudos e projetos;geotecnia;gerenciamento;inspeção;paisagismo;planejamento;topografia
CONTECNICA – CONSULTORIA TECNICA LTDA,"AV FRANCISCO SALES 1420, 4 AND SANTA EFIGENIA",BELO HORIZONTE,MG,30150-221,31 3115-1960,,arquitetura;controles tecnológicos;engenharia;estudos e projetos;geotecnia;gerenciamento;inspeção;paisagismo;planejamento;topografia
CONTESTE ENGENHARIA E TECNOLOGIA LTDA,"RUA LUIZ ANTONIO PADRAO, 395, JD. BELA VISTA",OSASCO,SP,06080-120,11 3685-1512,www.conteste.com.br,engenharia
COPEM ENGENHARIA LTDA,"RUA FUNCHAL, 513, CJ 71/72/81 VILA OLIMPIA",SAO PAULO,SP,04551-060,11 3849-0298,www.copem.com.br,arquitetura;engenharia;estudos e projetos
COSMOS ENGENHARIA E PLANEJAMENTO LTDA,"EST DO COCO, KM 2, COMERCIAL PONTO VERDE, S/N, SL 21 CENTRO",LAURO DE FREITAS,BA,42700-000,71 3334-0399,WWW.COSMOSENGENHARIA.COM.BR,engenharia;estudos e projetos;gerenciamento;planejamento
CPS ENGENHARIA LTDA,"RUA FIDALGA, 563, CJ 32A VILA MADALENA",SAO PAULO,SP,05432-070,11 3034-3833,,estudos e projetos
CSL – CONSULTORIA DE ENGENHARIA ECONOMIA LTDA,"RUA TURFA, 951, PRADO",BELO HORIZONTE,MG,30411-200,31 3372-6001,,controles tecnológicos;engenharia;estudos e projetos;geotecnia;gerenciamento;planejamento
CSL – CONSULTORIA DE ENGENHARIA ECONOMIA LTDA,"AV LUIZ VIANA FILHO, 445, QUARTA AV CENTRO ADM DA BAHIA",SALVADOR,BA,41745-010,71 3115-2214,,engenharia;estudos e projetos;gerenciamento;planejamento
CTE – CENTRO TECNOLOGICO DE ENGENHARIA LTDA,"RUA 254, 146, SETOR COIMBRA",GOIANIA,GO,74535-440,62 3291-1100,www.cteengenharia.com.br,arquitetura;controles tecnológicos;engenharia;estudos e projetos;geotecnia;gerenciamento;inspeção;planejamento;topografia
CUNHA LAFERMANN ENGENHARIA LTDA,"ESTRADA DAS BAIAS, 158/ 11D – CASA FORTE – RECIFE 81-3265-7280",,,52061080,,,arquitetura;paisagismo
DALCON ENGENHARIA LTDA,"RUA PROF PEDRO VIRIATO P SOUZA, 2730, CASA MOSSUNGUE",CURITIBA,PR,81200-100,41 3016-7800,,arquitetura;engenharia;estudos e projetos;gerenciamento;paisagismo;planejamento
DBO ENGENHARIA LTDA,"RUA 25, 190, QUADRA A-11 LOTE 02 E 03 JARDIM GOIAS  DBOENGENHARIA@.BR",GOIANIA,GO,74805-280,62 3281-6655,DBOENGENHARIA.COM,engenharia;estudos e projetos;gerenciamento;planejamento
DEBIAGI ARQUITETOS URBANISTAS SS LTDA,"RUA BORORO 669, VILA ASSUNCAO",PORTO ALEGRE,RS,91900-540,51 3268-2320,,arquitetura;estudos e projetos;paisagismo;planejamento
DELETROS ARQ ENG E MEIO AMBIENTE LTDA,"RUA MARQUES DE ITU, 408, CJ 16 VILA BUARQUE",SAO PAULO,SP,01223-000,11 3287-0452,WWW.DELETROS.COM.BR,arquitetura;engenharia;estudos e projetos;gerenciamento;paisagismo;planejamento
DESIGNIO ARQUITETURA E URBANISMO LTDA,"RUA TEIXEIRA DA SILVA, 660, 1 AND CJ 12 JPARAISO",SAO PAULO,SP,04002-033,11 3887-6097,WWW.DESIGNIO-ARQ.COM.BR,arquitetura;paisagismo
DIEFRA ENGENHARIA E CONSULTORIA LTDA,"RODOANEL CELSO MELLO AZEVEDO, 1000, KM 01 OLHOS DAGUA",BELO HORIZONTE,MG,30390-085,31 3319-6600,,controles tecnológicos;engenharia;estudos e projetos;geotecnia;gerenciamento;planejamento;topografia
DIRECAO CONSULTORIA E ENGENHARIA LTDA,"AV DO CONTORNO, 9636, 6 E 7 ANDS BARRO PRETO  DIRECAO@.BR",BELO HORIZONTE,MG,30110-068,31 3298-6900,DIRECAO.COM,engenharia;estudos e projetos
DIRECAO CONSULTORIA E ENGENHARIA LTDA,"RUA COLOMBO, 1122, CENTRO",MARECHAL CANDIDO RONDON,PR,85960-000,45 3254-9585,,engenharia;estudos e projetos
DMAPAS BRASIL LTDA,RUA ITATUBA  .br,"ED COSMOPOLITAN MIX 201, SL 801/802 PARQUE BELA VISTA – SALVADOR",BA,40279-700,71 3358-1071,dmapasbrasil.com,arquitetura;engenharia;estudos e projetos
DTA ENGENHARIA LTDA,"RUA JERONIMO DA VEIGA, 45, 16 AND CJ 161 JD EUROPA  dta@.br",SAO PAULO,SP,04536-000,11 3167-1909,dtaengenharia.com,engenharia;estudos e projetos;gerenciamento;planejamento;topografia
DUCTOR IMPLANTACAO DE PROJETOS LTDA,"AV QUEIROZ FILHO, 767, CITY BOACAVA",SAO PAULO,SP,05319-000,11 3837-4800,www.ductor.com.br,engenharia;estudos e projetos;gerenciamento;inspeção;planejamento
DUPRE ARQUITETURA & COORDENACAO SS LTDA,"RUA SIMAO ALVARES 356, CJ 102 PINHEIROS",SAO PAULO,SP,05417-020,11 3088-7922,www.duprearquitetura.com.br,arquitetura;estudos e projetos;planejamento
DW ENGENHARIA SOCIEDADE SIMPLES LTDA – ME,"RUA ANTONIO PARREIRAS, 300, 302 BELA VISTA",PORTO ALEGRE,RS,90450-050,51 9820-7406,,estudos e projetos
ECLA ENGENHEIROS CONSULTORES LTDA,"RUA HELIO DE OLIVEIRA, 255, CASA MATATU",SALVADOR,BA,40265-020,71 3244-6133,,controles tecnológicos;engenharia;estudos e projetos;geotecnia;gerenciamento;inspeção;paisagismo;planejamento;topografia
ECM S/A – PROJETOS INDUSTRIAIS,"RUA RIO DE JANEIRO 1462, LOURDES",BELO HORIZONTE,MG,30160-041,31 3238-6993,,engenharia;estudos e projetos
ECO URBE CONSULTORIA E PROJETOS SC LTDA,"RUA COMENDADOR MIGUEL CALFAT, 128, CJ 501 VILA OLIMPIA",SAO PAULO,SP,04537-080,11 3841-9601,,arquitetura;estudos e projetos;gerenciamento;paisagismo;planejamento
ECOLOGY AND ENVIRONMENT DO BRASIL LTDA,"RUA DA ASSEMBLEIA 100, 6 ANDAR CENTRO",RIO DE JANEIRO,RJ,20011-000,21 2108-8700,www.ecologybrasil.com.br,arquitetura;controles tecnológicos;engenharia;estudos e projetos
ECOPLAN – ENGENHARIA LTDA,"RUA DAS PERNAMBUCANAS, 282, SL 306 GRACAS",RECIFE,PE,52011-010,81 3222-3806,,engenharia;estudos e projetos;gerenciamento;planejamento
ECR ENGENHARIA LTDA,"RUA LISBOA, 80, ARACAS",VILA VELHA,ES,29103-065,27 3222-7987,,arquitetura;engenharia;estudos e projetos;gerenciamento;planejamento
ECR ENGENHARIA LTDA,"RUA MARQUÊS DE ITU, 61",10º ANDAR VILA BUARQUE – SÃO PAULO,SP,01223-001,11 3138-4949,www.ecrengenharia.com.br,arquitetura;engenharia;estudos e projetos;gerenciamento;planejamento
EDO ROCHA ARQUITETURA E PLANEJAMENTO SC LTDA,"RUA DA ALFANDEGA, 115, CENTRO",SAO PAULO,SP,04578-000,11 5505-1255,www.edorocha.com.br,arquitetura;estudos e projetos;gerenciamento;planejamento
EGIS ENGENHARIA E CONSULTORIA,"Rua Catequese, 78 – Butantã São Paulo – São Paulo / 11 2134-7575",,,05502-020,11 2134-7577,www.egis-brasil.com.br,arquitetura;controles tecnológicos;engenharia;estudos e projetos;geotecnia;gerenciamento;inspeção;paisagismo;planejamento;topografia
EGIS ENGENHARIA E CONSULTORIA,"RUA PASSADENA 89, PQ IND SAO JOSE",COTIA,SP,06715-864,11 2134-7577,www.egis-brasil.com.br,arquitetura;controles tecnológicos;engenharia;estudos e projetos;geotecnia;gerenciamento
EGIS ENGENHARIA E CONSULTORIA,"Avenida dos Engenheiros, 802 – Castelo Belo Horizonte – MG",,,30840-300,31 2526-3637,www.egis-brasil.com.br,arquitetura;controles tecnológicos;engenharia;estudos e projetos;geotecnia;gerenciamento;inspeção;paisagismo;planejamento;topografia
EGIS ENGENHARIA E CONSULTORIA,"RUA PADRE ANCHIETA 177, MERCES",CURITIBA,PR,80410-030,41 3221-5000,www.egis-brasil.com.br,engenharia;estudos e projetos;geotecnia;gerenciamento;topografia
EGT ENGENHARIA LTDA,"RUA FABIA, 442, 1 AND VILA ROMANA",SAO PAULO,SP,05051-030,11 3862-1236,,engenharia;estudos e projetos;inspeção
EICOMNOR ENG IMP COMERCIO DO NORDESTE LTDA,"RUA ALEMANHA, 144, IMBIRIBEIRA",RECIFE,PE,51180-010,85 3339-3413,www.eicomnor.com.br,engenharia;estudos e projetos;gerenciamento
ELETRONORD ENGENHARIA & SERVICOS LTDA,"ESTRADA DO BONGI. 919, BONGI",RECIFE,PE,50830-260,81 3236-4516,,engenharia;estudos e projetos;gerenciamento
EMPRESA BRASILEIRA DE ENGENHARIA DE INFRAESTRUTURA,"RUA SANTO ANTONIO, 184, 20 AND BELA VISTA",SAO PAULO,SP,01314-000,11 3292-8922,,arquitetura;engenharia;estudos e projetos;geotecnia;gerenciamento;inspeção;paisagismo;planejamento
EMPRESA BRASILEIRA DE ENGENHARIA TECNOLOGIA LTDA,"ALAMEDA RIO NEGRO, 585, CJ 58",ED JACARI ALPHAVILLE – BARUERI,SP,06454-000,11 4208-7641,,controles tecnológicos;engenharia;estudos e projetos;gerenciamento
ENCIBRA S.A. ESTUDOS E PROJETOS DE ENGENHARIA,"Av. das Nações Unidas 13.797, Bloco 3, 17º andar Vila Gertudres  4794-000 (11) 5501-1622 planejamento@.br",São Paulo,SP,,,encibra.com,engenharia;estudos e projetos;gerenciamento;planejamento
ENCIBRA S.A. ESTUDOS E PROJETOS DE ENGENHARIA,"AV MARECHAL CAMARA, 160, SL 1225 CENTRO",RIO DE JANEIRO,RJ,20020-080,21 3553-3842,,engenharia;estudos e projetos;gerenciamento;planejamento
ENCOP ENGENHARIA LTDA,"AV CEL APARICIO BORGES 965, SL 302 GLORIA",PORTO ALEGRE,RS,90680-570,51 3028-4799,WWW.ENCOP.COM,controles tecnológicos;engenharia;estudos e projetos;geotecnia;gerenciamento;planejamento;topografia
ENECON SA – ENGENHEIROS E ECONOMISTAS CONSULTORES,"RUA MARTIM DE CARVALHO, 549, SANTO AGOSTINHO",BELO HORIZONTE,MG,30190-090,31 3292-5388,,controles tecnológicos;engenharia;estudos e projetos;geotecnia;gerenciamento;planejamento;topografia
ENECON SA – ENGENHEIROS E ECONOMISTAS CONSULTORES,"AV ATAULFO DE PAIVA 135, SLS 705/706 LEBLON",RIO DE JANEIRO,RJ,22440-901,21 2294-8232,,engenharia;estudos e projetos;gerenciamento
ENECON SA – ENGENHEIROS E ECONOMISTAS CONSULTORES,"AV IPIRANGA, 6929, PARTENON",PORTO ALEGRE,RS,91530-001,51 3336-5288,,aerofotogrametria;controles tecnológicos;estudos e projetos;geotecnia;gerenciamento;planejamento;topografia
"ENEFER CONSULTORIA, PROJETOS LTDA","RUA XV DE NOVEMBRO, 1234","CJ 1104 , CENTRO – CURITIBA",PR,80060-000,41 3363-2839,www.enefer.com.br,engenharia;estudos e projetos
ENESCIL ENGENHARIA DE PROJETOS LTDA,"RUA ALVES GUIMARAES 507, CJ A JARDIM AMERICA",SAO PAULO,SP,05410-000,11 3061-0055,,engenharia
ENGEBANC ENGENHARIA E SERVICOS LTDA.,"AV ELIAS YASBEK, 1006, CJ 11 TINGIDOR",EMBU,SP,06803-000,11 3039-3588,,arquitetura;engenharia;estudos e projetos;gerenciamento
ENGEBIO ENGENHARIA E MEIO AMBIENTE LTDA,"RUA JOAO ABBOTT 482, PETROPOLIS",PORTO ALEGRE,RS,90460-150,51 3333-6005,www.engebio.net,engenharia;estudos e projetos;gerenciamento
ENGECONSULT – CONSULTORES TECNICOS LTDA,"RUA XAVIER MARQUES 94, SL 01 AFLITOS",RECIFE,PE,52050-230,81 3194-4800,,engenharia;estudos e projetos;gerenciamento;planejamento
ENGECORPS ENGENHARIA SA,"ALAMEDA TOCANTINS, 125, 4 AND ALPHAVILLE",SAO PAULO,SP,06455-020,11 2135-5252,www.engecorps.com.br,arquitetura;engenharia;estudos e projetos;geotecnia;gerenciamento;planejamento
ENGEDAL DESENHOS TECNICOS LTDA – EPP,"RUA GIOVANNI GIUSTI, 70, VILA SUZI",SAO BERNARDO DO CAMPO,SP,09715-200,11 4128-9026,,estudos e projetos
ENGEDATA – ENGENHARIA ESTRUTURAL LTDA,"RUA CAIO PEREIRA 331, ROSARINHO",RECIFE,PE,52041-010,81 3241-8200,,engenharia;estudos e projetos;gerenciamento;planejamento
ENGEFOTO ENGENHARIA E AEROLEVANTAMENTOS SA,"RUA FREI FRANCISCO MONT ALVERNE, 750, CASA JARDIM DAS AMERICAS",CURITIBA,PR,81540-410,41 3071-4200,WWW.ENGEFOTO.COM,aerofotogrametria;arquitetura;engenharia;estudos e projetos;geotecnia;paisagismo;planejamento;topografia
ENGEMASTER ENGENHARIA E PROJETOS LTDA,"RUA ITAJUBA 1111, SAGRADA FAMILIA",BELO HORIZONTE,MG,31030-430,31 3482-7088,,controles tecnológicos;engenharia;estudos e projetos;geotecnia;gerenciamento;topografia
ENGEMIN – ENGENHARIA E GEOLOGIA LTDA,"RUA ROSA MACARINI, 557, VL. EMILIANO PERNETA",PINHAIS,PR,83324-420,41 3668-1614,,engenharia;estudos e projetos;geotecnia;gerenciamento;planejamento;topografia
ENGEPAVI CONSULTORIA E PROJ DE ENGENHARIA,"RUA COMISSARIO OTAVIO DE QUEIROZ 90, JD DA PENHA",VITORIA,ES,29060-270,27 3227-7765,,engenharia;estudos e projetos
ENGEPLUS ENGENHARIA E CONSULTORIA LTDA,"AV FRANCA 817, NAVEGANTES",PORTO ALEGRE,RS,90230-220,51 3325-1508,www.pluseng.com.br,controles tecnológicos;engenharia;estudos e projetos;geotecnia;gerenciamento;planejamento;topografia
ENGEPROL ENGENHARIA PROJETOS E PLANEJAMENTO LTDA,"RUA VALDOMIRO RODRIGUES 3, COMERCIAL SL 05 SEDE",LAURO DE FREITAS,BA,42700-000,71 3103-2300,,engenharia;estudos e projetos
ENGESOFT – ENGENHARIA E CONSULTORIA LTDA,"AV WASHINGTON SOARES 855, 11 AND EDSON QUEIROZ",EUSEBIO,CE,60811-341,85 3133-4900,,engenharia;estudos e projetos
ENGESOLO ENGENHARIA LTDA,"AV NOSSA SRA DA PENHA 714, SL 718,719 PRAIA DO CANTO",VITORIA,ES,29055-131,27 3026-3301,,aerofotogrametria;arquitetura;controles tecnológicos;engenharia;estudos e projetos;geotecnia;gerenciamento;inspeção;paisagismo;planejamento;topografia
ENGESOLO ENGENHARIA LTDA,"RUA ALCOBACA 1210, SAO FRANCISCO",BELO HORIZONTE,MG,31255-210,31 2103-4300,,aerofotogrametria;arquitetura;controles tecnológicos;engenharia;estudos e projetos;geotecnia;gerenciamento;inspeção;paisagismo;planejamento;topografia
ENGESP – ENGENHARIA ESTUDOS E PROJETOS LTDA,"AV T-02 1281, ED PROF LUIZ A DO CARMO CURAD SETOR BUENO",GOIANIA,GO,74215-010,62 2285-1955,,engenharia;estudos e projetos;planejamento
ENGESPRO ENGENHARIA LTDA,"RUA TEOFILO OTONI, 82, PAV 13 CENTRO",RIO DE JANEIRO,RJ,20090-080,21 2263-7659,,controles tecnológicos;engenharia;estudos e projetos;geotecnia;gerenciamento;topografia
ENGESUR CONSULTORIA E ESTUDOS TECNICOS LTDA,"RUA GAL CANABARRO, 784, MARACANA",RIO DE JANEIRO,RJ,20271-205,21 3478-4790,WWW.ENGESUR.COM.BR,arquitetura;engenharia;estudos e projetos;gerenciamento;topografia
ENGETI CONSULTORIA E ENGENHARIA SS LTDA,"AV ANGELICA, 1996, CJ 404/405/406 CONSOLACAO",SAO PAULO,SP,01228-200,11 3666-9289,,engenharia;estudos e projetos
ENGETOP PLANEJAMENTOS E PROJETOS LTDA,"RUA J , QUADRA 45, LOTE 05 MANOEL PLAZA",SERRA,ES,29160-156,27 3317-5745,,engenharia;estudos e projetos;planejamento
ENGEVIX ENGENHARIA S A,"RUA TENENTE SILVEIRA, 94, 7 AND CENTRO",FLORIANOPOLIS,SC,88010-300,48 2107-0302,,arquitetura;engenharia;estudos e projetos;gerenciamento;planejamento
ENGEVIX ENGENHARIA S A,"SETOR COMERCIAL NORTE, Q 4","BL B, 100, SL 1301 C. EMP. VARIG – BRASILIA",DF,70714-000,61 2328-4849,,engenharia;estudos e projetos;gerenciamento;planejamento
ENGEVIX ENGENHARIA S A,"AV JOSE MARIA VIVACQUA SANTOS 600, LJ 02 JD CAMBURI",VITORIA,ES,29090-160,27 3329-0270,,arquitetura;engenharia;estudos e projetos;geotecnia;gerenciamento;inspeção;paisagismo;planejamento;topografia
ENGEVIX ENGENHARIA S A,"ALAMEDA ARAGUAIA, 3571, ALPHAVILLE",BARUERI,SP,06455-000,11 2106-0100,www.engevix.com.br,arquitetura;engenharia;estudos e projetos;geotecnia;gerenciamento;inspeção;paisagismo;planejamento;topografia
ENGEVIX ENGENHARIA S A,"RUA XV DE NOVEMBRO, 1456, CENTRO",CURITIBA,PR,80060-000,41 3326-7516,,aerofotogrametria;arquitetura;engenharia;estudos e projetos;gerenciamento;planejamento
ENGINEERING S A – SERVICOS TECNICOS,"RUA DA ASSEMBLEIA 10, GR2810 CENTRO",RIO DE JANEIRO,RJ,20011-901,21 2106-0300,WWW.ENGINEERING.COM.BR,arquitetura;engenharia;estudos e projetos;gerenciamento;inspeção;planejamento;topografia
ENGMEX AUTOM DE PROJ E ENGENHARIA DE MAT LTDA,"AL DO INGA, 840, SL 706 VALE DO SERENO",BELO HORIZONTE,MG,34000-000,31 3347-6624,,aerofotogrametria;controles tecnológicos;engenharia;estudos e projetos;gerenciamento;planejamento;topografia
ENGPRED – ENGENHARIA E INSTALACOES PREDIAIS LTDA,"AV MARCIONILA , 1360, 1 AND SL 207 CABO BRANCO",JOAO PESSOA,PB,58045-050,83 3247-0949,,engenharia;estudos e projetos;gerenciamento;planejamento
ENTEL ENGENHARIA E TECNOLOGIA LTDA,"RUA BRIGADEIRO MELIBEU 505, CASA PIEDADE",JABOATAO DOS GUARARAPES,PE,54400-130,81 3461-3708,,arquitetura;engenharia;estudos e projetos;geotecnia;gerenciamento;inspeção;paisagismo;planejamento;topografia
EPC ENGENHARIA PROJETO CONSULTORIA SA,"AV NSA SENHARA DOS NAVEGANTES, 955, 8 AND SLS 805 A 811 ENSEADA DO SUA",VITORIA,ES,29050-335,27 2122-1500,,engenharia;estudos e projetos
EPC ENGENHARIA PROJETO CONSULTORIA SA,"AV BARAO HOMEM DE MELO, 4554, 7 AND ESTORIL  epc@.br",BELO HORIZONTE,MG,30494-270,31 2122-5501,epc.com,engenharia;estudos e projetos;gerenciamento;inspeção;planejamento
EPT – ENGENHARIA E PESQUISAS TECNOLOGICAS SA,"RUA DJANIRA RIBEIRO DO ROSARIO, 91, SANTA LUZIA",VITORIA,ES,29045-223,,,arquitetura;controles tecnológicos;engenharia;estudos e projetos;geotecnia;gerenciamento;inspeção;topografia
EPT – ENGENHARIA E PESQUISAS TECNOLOGICAS SA,"RUA MARCELO GAMA 41, SAO JOAO",PORTO ALEGRE,RS,90540-040,51 3342-7766,,engenharia;estudos e projetos
EPT – ENGENHARIA E PESQUISAS TECNOLOGICAS SA.,"AV SAO JOSE, 450, AYROSA",OSASCO,SP,06283-120,11 3879-9449,,arquitetura;controles tecnológicos;engenharia;estudos e projetos;geotecnia;gerenciamento;inspeção;planejamento;topografia
EQUIPE UMAH – URB MEIO AMBIENTE HABIT SS LTDA,"CALCADA DOS IPES, 40, CCCALPHAVILLE ALPHAVILLE",BARUERI,SP,06453-025,11 4191-2667,www.umah.com.br,engenharia;estudos e projetos;gerenciamento;planejamento
ERREVE ENGENHARIA LTDA,"RUA T-48, QUADRA R-35, LOTE 05 28, SALA 301 SETOR OESTE",GOIANIA,GO,74140-130,62 3229-0422,,engenharia;estudos e projetos
ESC TECNICO J  KASSOY E M FRANCO ENGS CIVIS LTDA,"RUA LUIS COELHO, 340, 12 AND CONSOLACAO",SAO PAULO,SP,01309-903,11 3257-1411,,engenharia
ESPACO – EQUIPE DE PLANEJ ARQ E CONSULTORIA LTDA,"AV C 197 285, JD AMERICA",GOIANIA,GO,74465-539,62 3252-1439,,arquitetura;engenharia;estudos e projetos;planejamento
ESSE ENGENHARIA E CONSULTORIA LTDA,"ALAMEDA NIEMEYER, 500, CJ 602 VALE DO SERENO",NOVA LIMA,MG,34000-000,31 3264-9535,WWW.ESSEENGENHARIA.COM.BR,engenharia;estudos e projetos;geotecnia;gerenciamento;planejamento;topografia
ESTAI ESC DE SERVICOS TEC E ASSESSORIA INDUSTRIAL,"RUA DA AJUDA 35, SL 1201/1202 CENTRO",RIO DE JANEIRO,RJ,20040-020,21 2221-0154,,engenharia;estudos e projetos;planejamento
ESTATICA – ENGENHARIA LTDA,"RUA DR CANDIDO ESPINHERIA, 143, PERDIZES",SAO PAULO,SP,05004-000,11 3826-3555,WWW.ESTATICA.COM.BR,arquitetura;engenharia;estudos e projetos;geotecnia;paisagismo;topografia
ESTEIO – ENGENHARIA E AEROLEVANTAMENTOS,"RUA DOUTOR REYNALDO MACHADO, 1151, CASA PRADO VELHO",CURITIBA,PR,80215-242,41 3271-6000,,aerofotogrametria;controles tecnológicos;engenharia;estudos e projetos;geotecnia;gerenciamento;inspeção;planejamento;topografia
ESTRA – ENGENHARIA LTDA,"RUA BARAO DO TRIUNFO 73, 12 AND, CJ 123 SANTO AMARO",SAO PAULO,SP,04602-000,11 5542-3088,,arquitetura;controles tecnológicos;engenharia;estudos e projetos;geotecnia;gerenciamento;planejamento;topografia
ETALP ESC TEC ARTHUR LUIZ PITTA ENGENHARIA,"AV ENG LUIS CARLOS BERRINI, 828, 5 AND BROOKLIN NOVO",SAO PAULO,SP,04571-000,11 5506-0067,www.etalp.com.br,engenharia
ETEL ESTUDOS TECNICOS LTDA,"RUA ALFREDO BUFREN, 285, BL B",SL 04 CENTRO – CURITIBA,PR,80020-240,41 3262-1233,,arquitetura;engenharia;estudos e projetos
ETEL ESTUDOS TECNICOS LTDA.,"AV ONZE DE JUNHO, 56, VILA CLEMENTINO",SAO PAULO,SP,04041-000,11 5081-8250,,arquitetura;engenharia;estudos e projetos;geotecnia;gerenciamento;planejamento;topografia
EXCENGE EXCELENCIA EM ENGENHARIA LTDA,"AV RUI BARBOSA, 172, SALAS 201 A 204 SAO FRANCISCO",NITEROI,RJ,24360-440,21 2610-0826,,engenharia;estudos e projetos;gerenciamento;inspeção
EXOTENG ENGENHARIA PROJETOS E CONSULTORIA LTDA,"AV PARA, 308, QD. 48 LT. 06 SETOR CAMPINAS",GOIANIA,GO,74520-100,62 3233-8183,,engenharia;estudos e projetos
FATS ENGENHARIA CONSULTORIA LTDA,"RUA ERNANI PINTO, 529, VILA MARIA ALTA",SAO PAULO,SP,02128-020,11 2967-6976,www.fats.com.br,controles tecnológicos;engenharia;estudos e projetos;geotecnia;gerenciamento;inspeção;planejamento;topografia
FONTE CASTRO ARQUITETURA E URBANISMO LTDA,"AV ENGENHEIRO DOMINGOS FERREIRA , 1920, SL 102 BOA VIAGEM",RECIFE,PE,51111-020,81 2126-1400,,arquitetura;estudos e projetos;gerenciamento;paisagismo;planejamento
FOX ENGENHARIA E CONSULTORIA LTDA,"SIA SUL QD 04C BLOCO D LOJA 37 37, GUARA",BRASILIA,DF,71200-045,61 2103-9555,WWW.FOXENGENHARIA.COM.BR,arquitetura;engenharia;estudos e projetos;gerenciamento;paisagismo
GCA CONSULTORES ASSOCIADOS S/S LTDA,"RUA PURPURINA, 131, CJ 41 / 42 SUMAREZINHO",SAO PAULO,SP,05435-130,11 4323-3315,www.gcaconsultores.com.br,arquitetura;engenharia;estudos e projetos;gerenciamento
GEOCENTER CONSULTORIA E PROJETOS LTDA,"AV FARRAPOS, 3270, SL 301 NAVEGANTES",PORTO ALEGRE,RS,90220-002,51 3326-0751,,estudos e projetos;geotecnia;gerenciamento;inspeção;paisagismo;planejamento;topografia
GEOCOMPANY TECNOL E ENG EM MEIO AMBIENTE SC LTDA,"AV SAGITARIO 138, 6A SL 607/8 ALPHAVILLE",BARUERI,SP,06473-073,11 4195-4435,WWW.GEOCOMPANY.COM.BR,engenharia;estudos e projetos;geotecnia
GEOHIDRO CONSULTORIA S/S LTDA,"AV BARAO DO RIO BRANCO, 32, 1 AND CENTRO",SAO FRANCISCO DO CONDE,BA,43900-000,71 2107-0977,WWW.GEOHIDRO.COM.BR,estudos e projetos;geotecnia;planejamento;topografia
GEOMETRICA ENGENHARIA DE PROJETOS LTDA,"RUA LOEFGREEEN, 1057, 14 AND  .",CJ 1402 VL CLEMENTINO – SAO PAULO,SP,04040-030,11 5078-1070,,arquitetura;controles tecnológicos;engenharia;estudos e projetos;geotecnia;gerenciamento;inspeção;planejamento;topografia
GEOSISTEMAS ENGENHARIA PLANEJAMENTO LTDA,"RUA RICARDO SALAZAR 83, PRADO",RECIFE,PE,50720-120,81 3878-5555,WWW.GEOSISTEMAS.COM.BR,aerofotogrametria;engenharia;estudos e projetos;geotecnia;gerenciamento;planejamento;topografia
GEOSONDA S/A,"RUA PAES LEME, 524, CJ 112",SL A PINHEIROS – SAO PAULO,SP,05424-010,11 4615-6199,www.geosonda.com.br,engenharia;gerenciamento
GEPRO ENGENHARIA LTDA,"AV CUPECE, 6062, LJ 13 JD MIRIAM",SAO PAULO,SP,04366-901,11 5621-7306,,engenharia;estudos e projetos
GERANCE GERENCIAMENTO E CONSULTORIA LTDA,"RUA NETUNO 238, CASA SANTA LUCIA",BELO HORIZONTE,MG,30360-490,31 3293-6490,,engenharia;gerenciamento;planejamento
GERENTEC ENGENHARIA LTDA,"RUA BARAO DO TRIUNFO 550, CJ 86 BROOKLIN PAULISTA",SAO PAULO,SP,04602-002,11 5096-2429,,engenharia;estudos e projetos;gerenciamento;planejamento
GERIBELLO ENGENHARIA LTDA,"AV NOVE DE JULHO 5435, 7 AND JARDIM PAULISTA",SAO PAULO,SP,01407-200,11 3709-4000,www.geribello.com.br,arquitetura;engenharia;estudos e projetos;gerenciamento;inspeção;planejamento;topografia
GERIS ENGENHARIA E SERVICOS LTDA,"AV NOVE DE JULHO, 459, SL 02 CENTRO",SAO PAULO,SP,08550-100,11 3116-3333,www.gerisengenharia.com.br,engenharia;estudos e projetos;gerenciamento;planejamento
GOMES MACHADO ARQUITETOS ASSOCIADOS LTDA,"RUA BENTO FREITAS, 306, CJ 33 VILA BUARQUE",SAO PAULO,SP,01220-000,11 3062-6422,,arquitetura;estudos e projetos;paisagismo;planejamento;topografia
GTP GRUPO TECNICO DE PROJETOS SC LTDA,"RUA CAMBURIU, 632, ALTO DA LAPA",SAO PAULO,SP,05058-020,11 3021-2299,,engenharia;estudos e projetos
GUIMAR ENGENHARIA SA,"AV MAL CAMARA, 160, CENTRO",RIO DE JANEIRO,RJ,20020-080,21 2517-9000,,engenharia;estudos e projetos;geotecnia;gerenciamento;planejamento
HAGAPLAN – PLANEJAMENTOS E PROJETOS LTDA,"PCA RAMOS DE AZEVEDO, 206, 15 AND CENTRO",SAO PAULO,SP,01037-010,11 3334-0355,,arquitetura;estudos e projetos;geotecnia;gerenciamento;paisagismo;planejamento;topografia
HAR ENGENHARIA E CONS DE MEIO AMB SC LTDA,"AV ALBERTO BINS, 789, CJ 404 CENTRO",PORTO ALEGRE,RS,90030-143,51 3221-9012,,engenharia;estudos e projetos
HERJACKTECH TECNOLOGIA E ENGENHARIA LTDA,"RUA XV DE NOVEMBRO, 228, 11 AND CENTRO",SAO PAULO,SP,01013-000,11 3106-9848,WWW.HERJACKTECH.COM.BR,engenharia;estudos e projetos;gerenciamento;planejamento
HF TOPOGRAFIA E GEODESIA LTDA,"RUA DAS PALMEIRAS, 815, SL 803 SANTA LUCIA",VITORIA,ES,29056-930,27 3324-7855,,controles tecnológicos;engenharia;geotecnia;paisagismo;topografia
HIDROCONSULT CONSULTORIA ESTUDOS E PROJETOS LTDA,"AV BRIGADEIRO FARIA LIMA 1768, 3 AND JD PAULISTANO",SAO PAULO,SP,01451-909,11 4195-3111,,arquitetura;engenharia;estudos e projetos;geotecnia;gerenciamento;inspeção
HIGESA ENGENHARIA AMBIENTAL LTDA,"AV VASCO DA GAMA 4615, SL 402 ENG VELHO DE BROTAS",SALVADOR,BA,40240-090,71 3272-3311,WWW.HIGESA.COM.BR,controles tecnológicos;engenharia;estudos e projetos;geotecnia;gerenciamento;planejamento;topografia
HIGH TECH CONSULTANTS LTDA,"RUA GEORGE EASTMAN, 160, CJ A 41",4 AND VILA MORUMBI – SAO PAULO,SP,05690-901,11 3758-7821,,arquitetura;engenharia;estudos e projetos;gerenciamento;planejamento;topografia
HISA ENGENHARIA LTDA,"ALAMEDA PADUA 45, 2 ANDAR PITUBA",SALVADOR,BA,41830-480,71 3359-4000,,engenharia;estudos e projetos
HITA ENGENHARIA E ARQUITETURA LTDA,"RUA PARANA, 264, SL 13 PITUBA",SALVADOR,BA,41830-170,71 2106-9200,,arquitetura;engenharia;estudos e projetos;gerenciamento
HOEST ASSESSORIA E CONSULTORIA LTDA – EPP,"RUA CANDIDO PORTINARI, 27, SANTA LUIZA",VITORIA,ES,29045-415,27 3225-2310,WWW.HOEST.COM.BR,engenharia;estudos e projetos;gerenciamento;inspeção
HOLLUS SERVICOS TECNICOS ESPECIALIZADOS LTDA,"R JOAO DE ABREU 192, 12 AND SL 122 A 125 BL A COND CIDADE EMPRESARIAL",GOIANIA,GO,74120-010,62 3997 8719,,arquitetura;controles tecnológicos;engenharia;estudos e projetos;geotecnia;gerenciamento;inspeção;planejamento;topografia
HW ENGENHARIA LTDA,"AV PAULO DE FRONTIN 745, RIO COMPRIDO",RIO DE JANEIRO,RJ,20261-241,21 2589-1484,,engenharia;estudos e projetos;geotecnia;gerenciamento;inspeção;paisagismo;planejamento;topografia
HYDROS ENGENHARIA E PLANEJAMENTO S/A,"RUA DR AURELIO MIRANDA, 13-B, CENTRO",NAZARE,BA,44400-000,71 3272-8200,,arquitetura;engenharia;estudos e projetos;gerenciamento;planejamento
IBI ENGENHARIA CONSULTIVA SS,"RUA SILVA JATAHY 15, 7 AND MEIRELLES",FORTALEZA,CE,60165-070,853198-5000,,aerofotogrametria;controles tecnológicos;engenharia;estudos e projetos;geotecnia;gerenciamento;inspeção;planejamento;topografia
ICOPLAN INTERNACIONAL CONSULTORIA E PLANEJAMENTO,"RUA DA CANDELARIA, 79, 3 AND",SL 303 CENTRO – RIO DE JANEIRO,RJ,20091-020,21 2203-0338,,arquitetura;controles tecnológicos;engenharia;estudos e projetos;gerenciamento;planejamento
IEME BRASIL ENGENHARIA CONSULTIVA LTDA.,"RUA M.M.D.C., 499, BUTANTA  W",SAO PAULO,SP,05510-021,11 3816-8166,WWW.IEMEBRASIL.COM.BR,controles tecnológicos;engenharia;estudos e projetos;gerenciamento;inspeção;planejamento
IFL – EMPREENDIMENTOS E TECNOLOGIA LTDA,"RUA DOS NAVEGANTES 2691, BOA VIAGEM",RECIFE,PE,51020-011,81 3465-2727,,engenharia;estudos e projetos;gerenciamento;inspeção;planejamento
IGUATEMI CONSULTORIA SERVICOS DE ENGENHARIA LTDA,"RUA SANTOS SARAIVA 1964, ESTREITO",FLORIANOPOLIS,SC,88070-101,48 3248-2633,,engenharia;estudos e projetos;gerenciamento;planejamento
IHS ENGENHARIA LTDA,"RUA PANORAMA, 11, VL MORENA CASA 1 ANEXO JD DAS MARGARIDAS",SALVADOR,BA,41502-065,71 3377-2739,,engenharia;estudos e projetos
IM ENGENHARIA LTDA,"RUA HENRIQUE MOSCOSO, 833, SL 306 CENTRO",VILA VELHA,ES,29100-020,27 3219-0632,WWW.IMENGENHARIA.COM.BR,engenharia;estudos e projetos
INCORP CONSULTORIA E ASSESSORIA LTDA,"AV. PLINIO BRASIL MILANO 1305, HIGIENOPOLIS",PORTO ALEGRE,RS,90520-002,51 3328-2366,WWW.INCORPCONSULTORIA.COM.BR,arquitetura;engenharia;estudos e projetos;paisagismo;planejamento
INOVA TECNOLOGIA E ENGENHARIA LTDA,"RUA AGOSTINHO RODRIGUES FILHO, 350, CJ 101 BL B VILA CLEMENTINO",SAO PAULO,SP,04026-040,11 2618-4644,,engenharia;estudos e projetos;gerenciamento;inspeção;planejamento
INTEREST ENGENHARIA LTDA,"AV ABDIAS DE CARVALHO 1111, CJ CENTTRO EMP RECIFE SL 404 PRADO",RECIFE,PE,50830-900,81 3226-0069,WWW.INTEREST.COM.BR,engenharia;estudos e projetos;gerenciamento
INTERTECHNE CONSULTORES S A,"AV IGUACU , 100, REBOUCAS",CURITIBA,PR,80230-020,41 3219-7200,,engenharia
INTERTEK INDUSTRY SERVICES BRASIL LTDA,"ALAMEDA MAMORÉ, 503 – 8º ANDAR ALPHAVILLE – BARUERI TEL: 11 28420406",,,06454040,,www.intertek.com,engenharia
IP – EMPREENDIMENTOS CONSULTORIA E ENGENHARIA LTDA,"RUA AGNELO DE BRITO, 21, FEDERACAO",SALVADOR,BA,40170-100,71 3261-0615,,engenharia;estudos e projetos;gerenciamento;planejamento
JDS ENGENHARIA E CONSULTORIA LTDA,"AV PASSOS, 91, SL 601 A 610,SL 201 A 204/206 CENTRO",RIO DE JANEIRO,RJ,20051-040,21 2222-6289,,arquitetura;engenharia;estudos e projetos;gerenciamento;topografia
JHE CONSULTORES ASSOCIADOS LTDA,"RUA GENERAL JARDIM, 633, G1",CJ 12 VILA BUARQUE – SAO PAULO,SP,01223-011,11 3150-0640,,engenharia;estudos e projetos;gerenciamento;planejamento
JM MENDES LEITE EIRELI,"RUA BARAO DE ARACATI, 1920, ALDEOTA",FORTALEZA,CE,60115-081,85 9239-6439,,arquitetura;estudos e projetos;gerenciamento;paisagismo;planejamento
JNS ENGENHARIA CONS E GERENCIAMENTO SC LTDA,"AV PEDROSO DE MORAES, 433, 10 E 11 AND PINHEIROS",SAO PAULO,SP,05419-902,11 3039-1166,,arquitetura;engenharia;estudos e projetos;gerenciamento;paisagismo;planejamento
JONAS BIRGER ARQUITETURA SC LTDA,"RUA IAIA 77, CJ 81 ITAIM BIBI",SAO PAULO,SP,04542-060,11 3168-6144,,arquitetura;estudos e projetos;planejamento
JPNOR ENGENHARIA LTDA,"RUA PROF FERNANDO ROCHA, 254, PARALELA DORON",SALVADOR,BA,41194-020,71 2105-8888,WWW.JPNOR.COM.BR,engenharia;estudos e projetos;planejamento
JPPA GERENCIAMENTO E PROJETOS LTDA,"RUA DR BARROS CASSAL 180, CONJ. 501 FLORESTA",PORTO ALEGRE,RS,90035-030,51 2123-9000,WWW.JPPA.COM.BR,arquitetura;engenharia;estudos e projetos;gerenciamento;planejamento
JPTE ENGENHARIA LTDA,"ALAMEDA RIO NEGRO, 1084, 8 AND ALPHAVILLE",BARUERI,SP,06454-000,11 2127-0840,,engenharia;estudos e projetos;gerenciamento;planejamento
KEPELER CONSULTORIA LTDA – ME,"RUA ADAO MARCELINO DA SILVA, 85, CENTRO",GRAVATAI,RS,94035-340,51 3043-4640,WWW.KEPELER.COM.BR,engenharia;estudos e projetos;topografia
KL SERVICOS E ENGENHARIA SA,"AV ENGENHEIRO SANTANA JUNIOR 3000, SALAS 401 A 405 COCO",FORTALEZA,CE,60170-251,85 3261-8766,,aerofotogrametria;controles tecnológicos;engenharia;estudos e projetos;geotecnia;gerenciamento;inspeção;planejamento;topografia
KNIJNIK ENGENHARIA SOCIEDADE SIMPLES,"AV CARLOS GOMES, 1998, SALA 801 AUXILIADORA",PORTO ALEGRE,RS,90480-002,51 3022-0617,www.projetoestrutural.com.br,arquitetura;controles tecnológicos;engenharia;estudos e projetos;geotecnia;gerenciamento;inspeção;paisagismo;planejamento;topografia
L A FALCAO BAUER CENTRO TEC CONT QUALID LTDA,"RUA AQUINOS, 111, AGUA BRANCA",SAO PAULO,SP,05036-070,11 3611-0833,,arquitetura;controles tecnológicos;engenharia;estudos e projetos;geotecnia;gerenciamento;inspeção;paisagismo;planejamento;topografia
LBR ENGENHARIA E CONSULTORIA LTDA,"RUA GENEBRA, 264, 4 AND CJ 42 BELA VISTA",SAO PAULO,SP,01316-010,11 3241-2789,,engenharia;estudos e projetos;geotecnia;gerenciamento;planejamento;topografia
LEGACY SOLUÇÕES E PREVENÇÕES DE RISCOS,"Rua Capitão Cesar de Andrade, nº 168  (21)3518-7440 faleconosco@.br",508 – Leblon Rio de Janeiro,RJ,22431-010,,legacysolucoes.com,
LEME – ENGENHARIA LTDA,"AV RIO BRANCO 405, ED ALAYDE CENTRO",FLORIANOPOLIS,SC,88015-201,48 2108-8000,www.leme.com.br,engenharia;estudos e projetos
LEME – ENGENHARIA LTDA,"SCN QUADRA 06 CJ A BLOCO A 3 AND 307/308, SALAS ASA NORTE",BRASILIA,DF,70716-900,61 2106 6800,,controles tecnológicos;estudos e projetos;geotecnia;gerenciamento;inspeção;planejamento
LEME – ENGENHARIA LTDA,"RUA GUAJAJARAS, 43, 6 AND CENTRO",BELO HORIZONTE,MG,30180-100,31 3273-2719,,engenharia;estudos e projetos;geotecnia;gerenciamento;planejamento
"LKS LISBOA, KONDO, SHINOBE E ARQUITETOS ASSOCIAD","AV DIOGENES RIBEIRO DE LIMA, 1790, ALTO DE PINHEIROS",SAO PAULO,SP,05458-001,11 3816-0150,,arquitetura
LOG ENGENHARIA LTDA,"AV LUIS CORREIA DE BRITO, 271, CAMPO GRANDE",RECIFE,PE,52040-360,81 3241-8911,,engenharia;estudos e projetos
LUCENA TOPOGRAFIA & CONSTRUCAO LTDA,"AV GOVERNADOR CARLOS LIMA CAVALCANTE 3995, SL 27 CX POST 44 CASA CAIADA",OLINDA,PE,53040-000,,,aerofotogrametria;arquitetura;controles tecnológicos;engenharia;estudos e projetos;geotecnia;gerenciamento;inspeção;paisagismo;planejamento;topografia
M J ENGENHARIA,"RUA GENERAL CALDWEL, 615, CJ 202 MENINO DEUS",PORTO ALEGRE,RS,90130-051,51 3012-2232,,engenharia;estudos e projetos;gerenciamento;planejamento
MAGNA ENGENHARIA LTDA,"Q SEPN QUADRA N 509 BL D SL 106, 1 AND ASA NORTE",BRASILIA,DF,70750-504,61 3039-4732,,arquitetura;engenharia;estudos e projetos;geotecnia;gerenciamento;paisagismo;planejamento;topografia
MAGNA ENGENHARIA LTDA,"RUA BENVINDA DE CARVALHO, 239","SL 203 , SANTO ANTONIO – BELO HORIZONTE",MG,30330-180,31 3282-2507,,aerofotogrametria;controles tecnológicos;engenharia;estudos e projetos;gerenciamento;inspeção;planejamento
MAGNA ENGENHARIA LTDA,"RUA DOM PEDRO II 331, SAO JOAO",PORTO ALEGRE,RS,90550-142,51 2104-0000,WWW.MAGNAENG.COM.BR,arquitetura;controles tecnológicos;engenharia;estudos e projetos;geotecnia;gerenciamento;inspeção;paisagismo;planejamento;topografia
MAIA MELO ENGENHARIA LTDA,"RUA GENERAL JOAQUIM INACIO, 136, ILHA DO LEITE",RECIFE,PE,50070-270,81 3423-3977,WWW.MAIAMELO.COM.BR,aerofotogrametria;arquitetura;controles tecnológicos;engenharia;estudos e projetos;geotecnia;gerenciamento;inspeção;paisagismo;planejamento;topografia
MAIQUAL CONSULTORIA TECNICA E EMPRESARIAL LTDA,"RUA SERGIPE, 475, CJ 109 HIGIENOPOLIS",SAO PAULO,SP,01243-912,11 2495-6860,WWW.MAIQUAL.COM/PT,arquitetura;engenharia;estudos e projetos;gerenciamento;inspeção
MANA ENGENHARIA E CONSULTORIA S/A,"AV ANTONIO CARLOS MAGALHAES, 3840, ED CAPEMI 8 AND ALA A PITUBA",SALVADOR,BA,41825-902,71 2107-3700,www.manaengenharia.com.br,engenharia;estudos e projetos
MARCELLO SANGUINETTI ESTRUTURAS LTDA,"RUA PAULO SETUBAL 46, BOA VIAGEM",RECIFE,PE,51011-520,81 3463-6875,WWW.MSESTRUTURAS.COM,arquitetura;controles tecnológicos;engenharia;estudos e projetos;geotecnia;gerenciamento;planejamento;topografia
MARCHI ARQUITETURA LTDA,"AV BRIG FARIA LIMA, 2092, 18 AND CJ 183 PINHEIROS",SAO PAULO,SP,01451-000,11 3488-2600,www.wmegc.com.br,arquitetura;estudos e projetos;gerenciamento
MARTE ENGENHARIA LTDA,"RUA BUENOS AIRES, 15, 7 E 8 ANDARES CENTRO",RIO DE JANEIRO,RJ,20070-021,21 3799-2000,,engenharia;estudos e projetos;gerenciamento;planejamento
MAUBERTEC ENGENHARIA E PROJETOS LTDA,"LARGO DO AROUCHE, 24, 08, 10 E 11 ANDAR VILA BUARQUE",SAO PAULO,SP,01219-010,11 3352-9090,www.maubertec.com.br,arquitetura;engenharia;estudos e projetos;gerenciamento;planejamento;topografia
MCA AUDITORIA E GERENCIAMENTO LTDA,"AV DO CONTORNO, 6321, 6 AND SL 06 FUNCIONARIOS",BELO HORIZONTE,MG,30110-110,31 3506-6531,www.mca.srv.br,engenharia;estudos e projetos;gerenciamento;planejamento
MCAA ARQUITETOS LTDA,"RUA FUNCHAL, 203, 4 AND CJ 41 VILA OLIMPIA",SAO PAULO,SP,04551-060,11 3842-4400,,arquitetura;estudos e projetos
MGF ENGENHEIROS CONSULTORES SC LTDA,"RUA CARLOS ESTEVAO, 57, SL 208 MADALENA",RECIFE,PE,50720-050,81 3228-5450,,engenharia;estudos e projetos
MHA ENGENHARIA LTDA,"AV MARIA COELHO AGUIAR, 215, BLOCO D  .BR",3. ANDAR JD SAO LUIS – SAO PAULO,SP,05805-000,11 3747-7711,MHA.COM,arquitetura;engenharia;estudos e projetos;gerenciamento;paisagismo;planejamento
MJ FLORIDO PLANEJAMENTO E PROJETOS LTDA,"RUA VISCONDE DE SEPETIBA 935, SL 524 NITEROI",RIO DE JANEIRO,RJ,24020-206,21 2620-1051,,arquitetura;engenharia
MLAR ARQUITETURA E CONSULTORIA LTDA,"RUA ANTONIO C MAGALHAES 152, LOT IMAGEM PORTAO",LAURO DE FREITAS,BA,42700-000,71 3354-0340,,arquitetura;estudos e projetos;planejamento
MODERA ENGENHARIA LTDA,"AV PAULISTA, 1159 CONJ 1012/1013/1014 – BELA VISTA – SAO PAULO – SP",,,,,,arquitetura;engenharia;estudos e projetos
MONTEIRO ARQUITETURA LTDA,"RUA TENENTE SILVEIRA 199, SL 701 CENTRO  IPICOLLI@",FLORIANOPOLIS,SC,88010-300,48 3222-4522,HOTMAIL.COM,arquitetura;estudos e projetos;paisagismo;planejamento
MPB SANEAMENTO SC LTDA,"RUA FELIPE SCHMIDT, 649, SL 304 EDIF.TORRE COLINA CENTRO",FLORIANOPOLIS,SC,88010-080,48 3225-3682,,engenharia;estudos e projetos;planejamento
MRS ESTUDOS AMBIENTAIS LTDA,"SRTVS QD 701 BL O, SL 504 ASA SUL",BRASILIA,DF,70340-000,61 3201-1800,,estudos e projetos;geotecnia
MULTICONSULT ENGENHARIA LTDA,"AV FLAVIO RIBEIRO COUTINHO, 167, SL 302 MANAIRA",JOAO PESSOA,PB,58037-000,83 2106-0892,,arquitetura;engenharia;estudos e projetos;gerenciamento;paisagismo
MYR PROJETOS ESTRATEGICOS E CONSULTORIA LTDA,"RUA CENTAURO, 231, SL 602 SANTA LUCIA",BELO HORIZONTE,MG,30360-310,31 3261-0119,,arquitetura;engenharia;estudos e projetos;gerenciamento;paisagismo;planejamento;topografia
N & A CONSULTORES E ASSOCIADOS LTDA,"AV LUIS VIANA FILHO 13223, TORRE EMPRESARIAL 03SALA 806 A SAO CRISTOVAO",SALVADOR,BA,41820-021,71 3415-2228,WWW.NACONSULT.COM.BR,engenharia;estudos e projetos;gerenciamento;inspeção;planejamento
NASSER HISSA ARQUITETOS ASSOCIADOS LTDA,"AV BARAO DE STUDART 215, MEIRELES",FORTALEZA,CE,60120-000,85 3248-7500,www.nasserhissa.com.br,arquitetura;estudos e projetos
NAVARRETE ENG PRESTACAO DE SERVICOS SS,"RUA 32 649, QD A 20",LT 19 SETOR JD GOIAS – GOIANIA,GO,74805-350,62 3285-1999,,engenharia;estudos e projetos;geotecnia;gerenciamento;inspeção;planejamento;topografia
NORCONSULT PROJETOS E  CONSULTORIA LTDA,"RUA JUNDIA 47, TAMARINEIRA",RECIFE,PE,52051-090,81 3441-1272,WWW.NORCONSULT.COM.BR,arquitetura;engenharia;estudos e projetos;geotecnia;gerenciamento;paisagismo;planejamento
NORDEN ENGENHARIA LTDA,"ILACIR PEREIRA LIMA 100, CONJ. 303 SILVEIRA  norden@.br",BELO HORIZONTE,MG,31320-130,31 3484-3620,uai.com,engenharia;estudos e projetos;geotecnia;gerenciamento;inspeção;topografia
NUCLEO ENGENHARIA CONSULTIVA SA,"RUA CONEGO BERNARDO, 101, SJ 903 TRINDADE",FLORIANOPOLIS,SC,88036-570,48 3236-2979,,engenharia;estudos e projetos;gerenciamento;planejamento
NUCLEO ENGENHARIA CONSULTIVA SA,"ALAMEDA CAMPINAS, 463, 2 AND",CJ 21/22 CERQUEIRA CESAR – SAO PAULO,SP,01404-000,11 3373-8150,,aerofotogrametria;arquitetura;controles tecnológicos;engenharia;estudos e projetos;geotecnia;gerenciamento;inspeção;paisagismo;planejamento;topografia
NUCLEO ENGENHARIA CONSULTIVA SA,"AV PROF MARIO WERNECK, 26, 6 AND",SL 601 ESTORIL – BELO HORIZONTE,MG,30455-610,31 2127-1610,www.nucleoengenharia.com.br,engenharia;estudos e projetos;gerenciamento;planejamento
NUCLEO ENGENHARIA CONSULTIVA SA,"RUA DO OUVIDOR, 108, 6 AND CENTRO",RIO DE JANEIRO,RJ,20040-030,21 2222-4735,,aerofotogrametria;arquitetura;controles tecnológicos;engenharia;estudos e projetos;geotecnia;gerenciamento;inspeção;paisagismo;planejamento;topografia
NUCLEORA PLANEJAMENTO E DES COMERCIAL,"RUA TABAPUA 821, CJ 13 ITAIM BIBI",SAO PAULO,SP,04533-013,11 3266-8899,www.nucleora.com.br,arquitetura;engenharia;estudos e projetos
O.E. ARQUITETOS E URBANISTAS S/S LTDA,"TRAVESSA PEDRO MODESTO RAMPI 18, CJ 607 AZENHA",PORTO ALEGRE,RS,90650-060,51 3230-5800,WWW.ESCHER.ARQ.BR,arquitetura;estudos e projetos;gerenciamento;paisagismo;topografia
OESTE ORG ESTRADAS TOPOGRAFIA E ENGENHARIA LTDA,"RUA RUBEM BERTA 447, PITUBA",SALVADOR,BA,41810-045,71 3345-6166,WWW.OESTE-ENG.COM.BR,arquitetura;engenharia;estudos e projetos;gerenciamento;paisagismo;planejamento;topografia
"ONA S/A – ENGENHARIA, COMERCIO E INDUSTRIA","RUA MARTINHO NASCIMENTO 2, AEROVIARIO",GOIANIA,GO,74435-060,62 3941-6055,,engenharia;estudos e projetos;gerenciamento;planejamento
OUTEC ENGENHARIA LTDA,"AV EUSEBIO MATOSO, 690, CJ 111 PINHEIROS",SAO PAULO,SP,05423-000,11 3032-4244,www.outec.com.br,arquitetura;estudos e projetos;paisagismo
PACS PLANEJAMENTO ASSESSORIA CONSULTORIA E SISTEMA,"SCN QD 01 BL C SLS 602,605,613, ASA NORTE",BRASILIA,DF,70711-902,61 3035-5250,,engenharia
PAUL WURTH DO BRASIL TECNOLOGIA E SOLUCOES INDUSTR,"RUA ANDALUZITA 110, 7 AO 12 AND PARTE 05 CARMO",BELO HORIZONTE,MG,30310-030,31 3228-2800,,engenharia;inspeção
PAULO OLIVEIRA ENGENHARIA LTDA,"LARGO VISCONDE DO CAIRU 12, CONJ. 1401 CENTRO",PORTO ALEGRE,RS,90030-110,51 3226-9884,,estudos e projetos;gerenciamento;planejamento
PAVESYS ENGENHARIA SS LTDA,"AV LOUREIRO DA SILVA 2001, 707 CIDADE BAIXA",PORTO ALEGRE,RS,90050-240,51 3212-7940,WWW.PAVESYS.COM.BR,engenharia;estudos e projetos;geotecnia;gerenciamento
PAVISOLOS & SONDAGEM – CONSULTORIA LTDA,"RUA FERNANDES TOURINHO 1030, SL 508 LOURDES",BELO HORIZONTE,MG,30112-000,31 3264-5372,,arquitetura;controles tecnológicos;engenharia;estudos e projetos;geotecnia;gerenciamento;inspeção;paisagismo;planejamento;topografia
PCE PROJETOS E CONSULTORIAS DE ENGENHARIA,"AV PRESIDENTE WILSON, 165, SL 2 AND, 317 A 319,401 A CENTRO",RIO DE JANEIRO,RJ,20030-020,21 3231-7450,www.pcebr.com.br,arquitetura;engenharia;estudos e projetos;geotecnia;gerenciamento;planejamento
PERTECNICA CONSULTORIA E PROJETOS SS LTDA,"RUA CONEGO EUGENIO LEITE, 623, CJ 42 PINHEIROS",SAO PAULO,SP,05414-011,11 3081-9559,,arquitetura;engenharia;estudos e projetos;geotecnia;gerenciamento;paisagismo;planejamento;topografia
PETRA ENGENHARIA LTDA,"RUA PASCHOAL DEL MAESTRO, 375, LOJA 01 JD CAMBURI",VITORIA,ES,29090-460,27 3395-3255,,engenharia;estudos e projetos;gerenciamento
PLANARQ PLANEJAMENTO AMBIENTAL E ARQUITETURA,RUA,"EVERTON VISCO 290, ED. BOULEVARD SIDE, SL 204/205 CAMINHO DAS ARVORES – SALVADOR",BA,41820-022,71 3351-0255,WWW.PLANARQBRASIL.COM,arquitetura;engenharia;estudos e projetos;gerenciamento;planejamento
PLANAVE S/A – ESTUDOS E PROJETOS DE ENGENHARIA,"RUA COSTA FERREIRA 106, CENTRO",RIO DE JANEIRO,RJ,20221-240,21 3232-8777,PLANAVE.COM,arquitetura;controles tecnológicos;engenharia;estudos e projetos;gerenciamento;planejamento
PLANEX S/A – CONS DE PLANEJAMENTO E EXECUCAO,"RUA GRAO MOGOL, 21, CARMO SION",BELO HORIZONTE,MG,30310-010,31 2105-0710,www.planexconsultoria.com.br,arquitetura;controles tecnológicos;engenharia;estudos e projetos;geotecnia;gerenciamento;planejamento;topografia
PLANSERVI ENGENHARIA LTDA.,"AV PROF ASCENDINO REIS, 725, VILA CLEMENTINO",SAO PAULO,SP,04027-000,11 3304-1481,www.planservi.com.br,arquitetura;estudos e projetos;geotecnia;gerenciamento;inspeção;paisagismo;planejamento
Plonus Soluções em Engenharia e Meio Ambiente Ltda.,"Rua Ondina, 51-B Pina  51011-180 (81) 3466-7683 plonus@.br",Recife,PE,,,plonus.com,aerofotogrametria;arquitetura;controles tecnológicos;engenharia;estudos e projetos;geotecnia;gerenciamento;inspeção;paisagismo;planejamento;topografia
POENTE ENGENHARIA E CONSULTORIA SC LTDA,"AV DO CONTORNO, 3257, 8 AND CENTRO",BELO HORIZONTE,MG,30110-017,31 2128-4488,WWW.POENTE.COM.BR,engenharia;estudos e projetos;geotecnia;gerenciamento
PORTO ASSUNCAO ENGENHARIA LTDA,"AV ALVARES CABRAL, 1030, 4 AND LOURDES",BELO HORIZONTE,MG,30170-001,31 3291-3173,www.portoassuncao.com.br,engenharia;estudos e projetos;geotecnia;topografia
"PREMIER – CONS, PLANEJ E GERENC EM ENGENHARIA LTDA","RUA LEONARDO BEZERRA CAVALCANTI, 672, CASA FORTE",RECIFE,PE,52060-030,81 3268-9644,,arquitetura;controles tecnológicos;engenharia;estudos e projetos;geotecnia;gerenciamento;paisagismo;planejamento;topografia
PROAD ENGENHARIA E CONSULTORIA LTDA,"AV PRINCESA ISABEL, 15, CENTRO",VITORIA,ES,29010-360,27 3019-2828,,arquitetura;engenharia;estudos e projetos;gerenciamento
PRODEC – CONSULTORIA PARA DECISAO SC LTDA,"AV RIO BRANCO, 25, 10 AND",CJ C & D CENTRO – RIO DE JANEIRO,RJ,20090-003,21 2216-5100,WWW.PRODEC.COM.BR,arquitetura;controles tecnológicos;engenharia;estudos e projetos;geotecnia;gerenciamento;inspeção;paisagismo;planejamento;topografia
PROFILL ENGENHARIA E AMBIENTE LTDA,"RUA SOFIA VELOSO, 99, CIDADE BAIXA",PORTO ALEGRE,RS,90050-140,51 3211-3944,,arquitetura;engenharia;estudos e projetos;geotecnia;gerenciamento
PROGAIA ENGENHARIA E MEIO AMBIENTE LTDA,"CLN 309 BLOCO A SALA 213/215 213, ASA NORTE",BRASILIA,DF,70755-510,61 3202-9290,WWW.PROGAIA.COM.BR,engenharia;estudos e projetos
PROGEN PROJETOS GERENCIAMENTO E ENGENHARIA LTDA,"AV ANTONIO CARLOS MAGALHAES, 3840, ANDAR 2 MOD B LOJA C EDIF CAPE PITUBA",SALVADOR,BA,41820-902,11 3352-8000,www.progen.com.br,arquitetura;controles tecnológicos;engenharia;estudos e projetos;gerenciamento;planejamento
PROGEN PROJETOS GERENCIAMENTO E ENGENHARIA LTDA,"LARGO DO AROUCHE, 24, ANDAR 3,4,5,6,7,9 E 12 VILA BUARQUE",SAO PAULO,SP,01219-011,11 3352-8000,WWW.PROGEN.COM.BR,arquitetura;controles tecnológicos;engenharia;estudos e projetos;geotecnia;gerenciamento;inspeção;paisagismo;planejamento
PROGEN PROJETOS GERENCIAMENTO E ENGENHARIA LTDA,"AV DO CONTORNO 7069, 10/11/12 E 13 AND LOURDES",BELO HORIZONTE,MG,30310-043,31 2532-2200,www.progen.com.br,arquitetura;engenharia;estudos e projetos;gerenciamento
PROJECTUS CONSULTORIA LTDA,"RUA GARIBALDI 240, SALA 302,303 CENTRO",ESTEIO,RS,93260-060,11 21231400,WWW.PROJECTUS.COM.BR,arquitetura;engenharia;estudos e projetos;geotecnia;gerenciamento;topografia
PROJECTUS CONSULTORIA LTDA,"RUA GENERAL JARDIM, 703, 1 AND VILA BUARQUE",SAO PAULO,SP,01223-010,11 2123-4900,www.projectus.com.br,arquitetura;engenharia;estudos e projetos;geotecnia;gerenciamento;inspeção;paisagismo;planejamento;topografia
PROJECTUS CONSULTORIA LTDA,"RUA DA ASSEMBLEIA 10, SALAS 1713, 1722, 3620 CENTRO",RIO DE JANEIRO,RJ,20011-901,,WWW.PROJECTUS.COM.BR,arquitetura;estudos e projetos;geotecnia;gerenciamento;topografia
PROJEL ENGENHARIA ESPECIALIZADA LTDA,"RUA VINTE E SEIS DE ABRIL, 96, JD CANHEMA",SAO PAULO,SP,09941-470,11 5563-4439,www.projelengenharia.com.br,arquitetura;controles tecnológicos;engenharia;estudos e projetos;geotecnia;gerenciamento;inspeção;paisagismo;planejamento;topografia
PROJEL ENGENHARIA ESPECIALIZADA LTDA,"RUA MARANHAO, 339, 3 AND",SL 301 SANTA EFIGENIA – BELO HORIZONTE,MG,30150-330,31 3241-1976,,arquitetura;controles tecnológicos;engenharia;estudos e projetos;geotecnia;gerenciamento;inspeção;paisagismo;planejamento;topografia
PROJEMAX ENGENHARIA E CONSULTORIA LTDA,"AV RIO BRANCO, 257","GRUPO 1903 , CENTRO – RIO DE JANEIRO",RJ,20040-009,21 2533-6758,,arquitetura;engenharia;estudos e projetos;geotecnia;gerenciamento;topografia
PROJETO CONSULTORIA DE ENGENHARIA LTDA,"AV CAPITAO JOSE PESSOA, 293, JAGUARIBE",JOAO PESSOA,PB,58037-000,83 3241-1246,,engenharia;estudos e projetos;gerenciamento;topografia
PROMINER PROJETOS LTDA,"RUA FRANCA PINTO, 1233, VILA MARIANA",SAO PAULO,SP,04016-035,11 5571-9936,www.prominer.com.br,engenharia;estudos e projetos
PROMPT ENGENHARIA SC LTDA,"AV PAULISTA 2073, TORRE HORSA 2 17 AN CJ 1702 BELA VISTA  .BR",SAO PAULO,SP,01311-300,11 3032-9870,PROMPTENGENHARIA.COM,arquitetura;engenharia;estudos e projetos
PRON ENGENHARIA  LTDA,"RUA GENERAL JARDIM, 703, 7 AND CJ 71/72 VILA BUARQUE",SAO PAULO,SP,01223-011,11 3256-7271,,engenharia;geotecnia;gerenciamento;inspeção
"PROSUL PROJETOS, SUPERVISAO E PLANEJAMENTO LTDA","RUA SALDANHA MARINHO 116, ED LIBERAL CENTER CENTRO",FLORIANOPOLIS,SC,88010-450,48 3027-2730,WWW.PROSUL.COM,aerofotogrametria;arquitetura;controles tecnológicos;engenharia;estudos e projetos;geotecnia;gerenciamento;inspeção;paisagismo;planejamento;topografia
"PROSUL PROJETOS, SUPERVISAO E PLANEJAMENTO LTDA","CSN QUADRA 01 BL C, SL 1405 A 1407 ASA NORTE",BRASILIA,DF,70711-902,61 3224-6694,,engenharia;estudos e projetos
PULLIN E CAMPANO CONSULTORES ASSOCIADOS LTDA.,"RUA JOAO ADOLFO 118, CJ 703",7 AND CENTRO – SAO PAULO,SP,01049-910,11 3106-5966,,engenharia;estudos e projetos;gerenciamento;planejamento
PURARQUITETURA LTDA,"RUA ARTUR DE AZEVEDO, 1857, CJ 113 PINHEIROS",SAO PAULO,SP,05404-015,11 3044-3046,,arquitetura
QUALITY ENGENHARIA E CONSULTORIA LTDA,"RUA DR JOSE PEROBA, 275, SALA 406 A 410 STIEP",SALVADOR,BA,41770-235,71 3341-1414,,engenharia
QUANTA CONSULTORIA LTDA,"AV SANTOS DUMONT, 2456, SL 206 ALDEOTA",FORTALEZA,CE,60150-161,85 3459-8315,,arquitetura;engenharia;estudos e projetos;gerenciamento;planejamento;topografia
R B F  EMPREENDIMENTOS LTDA,"RUA AMELIA, 373, 104/105 GRACAS",RECIFE,PE,52020-150,81 3241-8913,,arquitetura;estudos e projetos;geotecnia;paisagismo;topografia
RDR CONSULTORES ASSOCIADOS LTDA,"RUA MARECHAL DEODORO 51, 15 ANDAR CENTRO",CURITIBA,PR,80020-905,41 3233-1400,www.rdr.srv.br,engenharia;estudos e projetos;planejamento
RED ENGENHARIA E CONSULTORIA LTDA ME,"AV DR YOJIRO TAKAOKA, 4384, SL 408 BK CENTRO DE APOIO 1 ALPHAVILLE",SANTANA DE PARNAIBA,SP,06542-001,11 4496-4663,WWW.RED.ENG.BR,controles tecnológicos;engenharia;estudos e projetos;geotecnia;inspeção;topografia
REWALD ENGENHARIA SS LTDA,"RUA AFONSO MARIANO FAGUNDES, 354, SAUDE",SAO PAULO,SP,04054-000,11 275-3722,,engenharia
RK ENGENHARIA E CONSULTORIA LTDA – ME,"R SAO CRISTOVAO 1732, LOTEAM.JARDIM TARUMALOJA 03 QU ITINGA",LAURO DE FREITAS,BA,42700-000,,www.rkengenharia.ind.br,engenharia;estudos e projetos;gerenciamento
RNR CONSULTORIA DE ENGENHARIA LTDA,"RUA LUCIANO MAGALHAES 320, FATIMA",FORTALEZA,CE,60415-150,85 3272-0711,,arquitetura;controles tecnológicos;engenharia;estudos e projetos;geotecnia;gerenciamento;paisagismo;topografia
ROBERTO CANDUSSO ARQUITETOS ASSOCIADOS S/C LTDA,"AV NACOES UNIDAS, 12399, 4 AND",CJ 41/44 A BROOKLIN NOVO – SAO PAULO,SP,04578-000,11 3085-8633,,arquitetura
ROBERTO PATERNOSTRO ARQUITETURA E PLANEJAMENTO,"RUA ASPICUELTA, 91, VILA MADALENA",SAO PAULO,SP,05433-010,11 3031-8962,www.robertopaternostro.com.br,arquitetura
RS SUL ENGENHARIA LTDA,"RUA BARAO DE GRAVATAI, 710, 301 MENINO DEUS",PORTO ALEGRE,RS,90050-330,51 3406-7630,,arquitetura;engenharia;estudos e projetos;gerenciamento;planejamento
SANESCON PROJETOS E CONSTRUCOES EIRELI – EPP,"RUA SHEYLA R PITTA 97, CMC COMERCIAL SALA 102 PITANGUEIRAS",LAURO DE FREITAS,BA,42700-000,71 30245788,www.sanescon.com.br,engenharia;estudos e projetos
SANEVIAS CONSULTORIA E PROJETOS LTDA,"TRAVESSA ANGUSTURA, 3563, MARCO",BELEM,PA,66093-041,91 3276-0416,WWW.SANEVIAS.COM.BR,arquitetura;controles tecnológicos;engenharia;estudos e projetos;geotecnia;gerenciamento;paisagismo;planejamento;topografia
SC ENGENHARIA E GEOTECNOLOGIA LTDA,"RUA PEDRO CUNHA 61, CAPOEIRAS",FLORIANOPOLIS,SC,88070-500,48 3025-1811,,aerofotogrametria;arquitetura;engenharia;estudos e projetos;geotecnia;gerenciamento;paisagismo;planejamento;topografia
SD CONSULTORIA E ENGENHARIA LTDA,"RUA GREGOR MENDEL, 80, BOA VISTA",PORTO ALEGRE,RS,90480-150,51 3328-5222,,arquitetura;controles tecnológicos;engenharia;estudos e projetos;geotecnia;gerenciamento;planejamento;topografia
SENHA ENGENHARIA & URBANISMO S S,"PC GILSON RIBEIRO DE MACHADO, 15, QD 5A LT 11 SALA NBLI-01 SETOR CENTRAL",CALDAS NOVAS,GO,75690-000,62 3202-4363,,arquitetura;engenharia;estudos e projetos;planejamento;topografia
SEPLANE – SERVICO DE ENGENHARIA DO NORDESTE,"AV ENG ALVES DE SOUZA, 685, CASA IMBIRIBEIRA",RECIFE,PE,51170-300,81 3035-2350,,arquitetura;engenharia;estudos e projetos
SEREC SERVICOS DE ENGENHARIA CONSULTIVA LTDA,"RUA CONCEICAO DE MONTE ALEGRE, 1568, BROOKLIN NOVO",SAO PAULO,SP,04558-040,11 5506-8144,,estudos e projetos;gerenciamento
SERENG ENGENHARIA E CONSULTORIA LTDA,"AV DEMERVAL LYRIO, 530, MATA DA PRAIA",VITORIA,ES,29065-304,27 2104-0506,,arquitetura;engenharia;estudos e projetos;gerenciamento;planejamento
SERPEN SERVICOS E PROJETOS DE ENGENHARIA LTDA,"RUA SANTA LUZIA, 651, 25 AND CENTRO",RIO DE JANEIRO,RJ,20030-041,21 2532-1061,,arquitetura;controles tecnológicos;engenharia;estudos e projetos;geotecnia;gerenciamento;topografia
SERVICE ENGENHARIA LTDA,"AV PROFESSOR MAGALHAES NETO, 1550, SL 1301 A 1304 PITUBA",SALVADOR,BA,41810-012,71 3342-4572,www.serviceengenharia.com.br,engenharia;planejamento
SETEC HIDROBRASILEIRA OBRAS E PROJETOS LTDA,"AV DESEMBARGADOR MOREIRA 2008, SALAS 901",902 E 903 MEIRELES – FORTALEZA,CE,60170-002,85 3212-3221,,arquitetura;controles tecnológicos;engenharia;estudos e projetos;geotecnia;gerenciamento;inspeção;paisagismo;planejamento;topografia
SETEC HIDROBRASILEIRA OBRAS E PROJETOS LTDA,"RUA JOSE DE MAGALHAES, 198, VILA CLEMENTINO",SAO PAULO,SP,04026-090,11 5081-9900,,arquitetura;engenharia;estudos e projetos;gerenciamento;planejamento;topografia
SETEPLA – TECNOMETAL ENGENHARIA S.A,"RUA REGO FREITAS, 289, 7 AND REPUBLICA",SAO PAULO,SP,01220-010,11 3350-6843,,arquitetura;controles tecnológicos;engenharia;estudos e projetos;gerenciamento;inspeção;planejamento
SGS ENGER ENGENHARIA LTDA,"AV SAGITARIO 743, 1 AND ALPHAVILLE",BARUERI,SP,06473-073,11 4133-6958,HTTP://WWW.ENGER.COM.BR,controles tecnológicos;gerenciamento;inspeção;planejamento
SISCON CONSULTORIA DE SISTEMAS LTDA,"PRACA FLORIANO, 19, 25 AND CENTRO",RIO DE JANEIRO,RJ,20031-050,21 2220-9808,,arquitetura;engenharia;estudos e projetos;gerenciamento
SKILL ENGENHARIA LTDA,"RUA FELICISSIMO DE AZEVEDO, 924, SAO JOAO",PORTO ALEGRE,RS,90540-110,51 3337-0010,,engenharia;estudos e projetos
SOCALCULO PROJETOS ESTRUTURAIS LTDA,"RUA ESTELA, 515, BL B",CJ 82 8 AND VILA MARIANA – SAO PAULO,SP,04011-002,11 5087-4111,www.socalc.com.br,engenharia;estudos e projetos
SONDOTECNICA ENGENHARIA DE SOLOS S/A,"SCS QUADRA 1 S/N, BL G SL 903 SETOR COMERCIAL SUL",BRASILIA,DF,70310-500,61 2223-2916,,arquitetura;controles tecnológicos;engenharia;estudos e projetos;gerenciamento;planejamento
SONDOTECNICA ENGENHARIA DE SOLOS S/A,"AV ROUXINOL, 55, 10 AND CJS 1001 A 1007/113 E MOEMA",SAO PAULO,SP,04516-000,11 3054-6030,,aerofotogrametria;arquitetura;controles tecnológicos;engenharia;estudos e projetos;geotecnia;gerenciamento;inspeção;paisagismo;planejamento;topografia
SONDOTECNICA ENGENHARIA DE SOLOS S/A,"RUA VOLUNTARIOS DA PATRIA 45, SLS 501 A 504 / 7 / 8 / 9 ANDS BOTAFOGO  .BR",RIO DE JANEIRO,RJ,22270-900,21 2102-7100,SONDOTECNICA.COM,arquitetura;controles tecnológicos;engenharia;estudos e projetos;geotecnia;gerenciamento;inspeção;paisagismo;planejamento;topografia
SOTEPA – SOC TEC DE ESTUDOS PROJ E ASSESSORIA LTDA,"RUA JOAQUIM CARNEIRO, 318, CASA CAPOEIRAS",FLORIANOPOLIS,SC,88085-120,48 3248-1899,WWW.SOTEPA.COM.BR,controles tecnológicos;engenharia;estudos e projetos;geotecnia;gerenciamento;planejamento;topografia
SOUZA NETO ENGENHARIA LTDA,"AV GOV AGAMENON MAGALHAES, 2615, SL 1206 BOA VISTA",RECIFE,PE,50050-290,81 3222-2500,WWW.SNENGENHARIA.COM.BR,arquitetura;engenharia;estudos e projetos;geotecnia;gerenciamento;planejamento;topografia
SPL ENGENHARIA LTDA,"RUA HADDOCK LOBO, 347, 8 AND",CJ 81 CERQUEIRA CESAR – SAO PAULO,SP,01414-001,11 3138-6101,www.spl.com.br,arquitetura;engenharia;estudos e projetos;gerenciamento
STAGLIORIO ENGENHARIA LTDA,"RUA DOUTOR BOUREAU, 100",COSTA AZUL SALVADOR,BA,41760-050,71 3341-1212,www.stagliorio.com.br,arquitetura;controles tecnológicos;engenharia;estudos e projetos;paisagismo
STE – SERVICOS TECNICOS DE ENGENHARIA SA,"RUA SALDANHA DA GAMA, 225, HARMONIA",PORTO ALEGRE,RS,92310-630,,WWW.STESA.COM.BR,controles tecnológicos;engenharia;estudos e projetos;geotecnia;gerenciamento;inspeção;planejamento;topografia
STE – SERVICOS TECNICOS DE ENGENHARIA SA,"ST SCS QD 04 219, 3 AND BL A ASA SUL",BRASILIA,DF,70304-913,61 3315-6001,,arquitetura;controles tecnológicos;engenharia;estudos e projetos;geotecnia;gerenciamento;inspeção;planejamento;topografia
STONENGE CONSULTORIA E PROJETOS DE ENGENHARIA LTDA,"RUA DARCY GRIJO, 50, SL 806 JARDIM DA PENHA",VITORIA,ES,29060-500,27 3345-6758,,engenharia
STRATA ENGENHARIA LTDA,"RUA CASTELO DE SINTRA 24, CASTELO",BELO HORIZONTE,MG,31330-200,3125193009,WWW.STRATAENGENHARIA.COM.BR,engenharia;estudos e projetos;geotecnia;gerenciamento;topografia
TACTA ENERCON SERVICOS DE ENGENHARIA SC LTDA,"RUA HUMBERTO I, 298, BL B 2 AND VILA MARIANA",SAO PAULO,SP,04018-030,11 5085-9425,,engenharia;estudos e projetos;gerenciamento
TC/BR TECNOLOGIA E CONSULTORIA BRASILEIRA LTDA,"SHIS QI 21 BLOCO D LAGO SUL 21, LAGO SUL",BRASILIA,DF,71655-580,61 3421-9500,,arquitetura;engenharia;estudos e projetos;geotecnia;paisagismo;topografia
TCRE ENGENHARIA LTDA,"RUA CAPITAO MACEDO, 30, VILA MARIANA",SAO PAULO,SP,04021-020,11 5539-3800,www.tcre.com.br,arquitetura;controles tecnológicos;engenharia;estudos e projetos;gerenciamento;planejamento;topografia
TEC CONSULTORIA E SERVICOS LTDA,"RUA MARIZ E BARROS 1001, 306/07 TIJUCA",RIO DE JANEIRO,RJ,20270-004,21 2254-2367,WWW.TECCONSULTORIA.COM.BR,engenharia;estudos e projetos;gerenciamento;topografia
TECHNE ENGENHEIROS CONSULTORES LTDA,"RUA ERNESTO DE PAULA SANTOS, 1368, CJ 904 BOA VIAGEM",RECIFE,PE,51021-330,81 3465-4144,,engenharia
TECHNIP BRASIL ENG INST E APOIO MARITIMOS S/A,"RUA DA GLORIA, 178, 1. AO 13 ANDAR GLORIA",RIO DE JANEIRO,RJ,20241-180,21 2139-7434,,engenharia;estudos e projetos;planejamento
TECNCON TEC DO CONCRETO E ENGENHARIA LTDA,"RUA CLEMENTE ROSAS, 371, TORRE",JOAO PESSOA,PB,58040-170,83 3222-1396,,engenharia;estudos e projetos
TECON TECNICA E CONSULTORIA LTDA,"RUA GANA 39, SALA 04 VILA ESPLANADA",PINHAIS,PR,83320-260,41 3338-6168,WWW.TECONTECNICA.COM.BR,arquitetura;controles tecnológicos;engenharia;estudos e projetos;geotecnia;gerenciamento;inspeção;paisagismo;planejamento;topografia
TEKNIKA PROJETOS E CONSULTORIA LTDA,"RUA BARAO DO BANANAL, 300, POMPEIA  raul@.br",SAO PAULO,SP,05024-000,11 3672-1657,teknika.com,engenharia;estudos e projetos
TEPAC ENGENHARIA TECNOLOGIA LTDA,"RUA DAS GAIVOTAS, 96, VILA CLORIS",BELO HORIZONTE,MG,31744-145,31 3459-1573,,engenharia;estudos e projetos;gerenciamento
TESTIN TECNOLOGIA DE MATERIAIS LTDA,"RUA MORGADO DE MATEUS 473, VILA MARIANA  – R 221",SAO PAULO,SP,04015-051,11 5575-3788,,controles tecnológicos
TETRA TECH CONSULTORIA LTDA,"RUA FIDALGA, 711, VILA MADALENA",SAO PAULO,SP,05432-070,11 3095-5050,WWW.TETRATECH.COM,engenharia;estudos e projetos
TEXTE ENGENHARIA E TECNOLOGIA LTDA,"RUA JOSE DOS SANTOS JUNIOR, 193, BROOKLIN PAULISTA",SAO PAULO,SP,04609-010,11 5566-5530,www.teste.com.br,controles tecnológicos;gerenciamento;inspeção
TEXTE ENGENHARIA E TECNOLOGIA LTDA,"RUA FERNANDO BANDEIRA, 107 A, MONTE CASTELO",PARNAMIRIM,RN,59161-303,84 3645-3240,,controles tecnológicos;engenharia;gerenciamento;inspeção
THEMAG ENGENHARIA E GERENCIAMENTO SC LTDA,"SCS QUADRA 01, BLOCO H 30, 1 E 2 ANDARES CENTRO  .br",BRASILIA,DF,70399-900,61 2217-5000,themag.com,arquitetura;engenharia;estudos e projetos;gerenciamento;inspeção;planejamento
THEMAG ENGENHARIA E GERENCIAMENTO SC LTDA,"RUA PEDRO AMERICO, 32, 22 AND CENTRO  .br",SAO PAULO,SP,01045-911,11 3353-1400,themag.com,arquitetura;engenharia;estudos e projetos;geotecnia;gerenciamento;paisagismo;planejamento
THENGE ENGENHARIA LTDA,"RUA DOM BOSCO, 871, SALAS 802 E 803 BOA VISTA",RECIFE,PE,50050-070,81 3423-3571,,engenharia;estudos e projetos;geotecnia;gerenciamento;topografia
TIME-NOW ENGENHARIA SA,"AV RIO BRANCO, 1383, PRAIA DO CANTO",VITORIA,ES,29055-643,27 3041-7194,WWW.TIMENOW.COM.BR,estudos e projetos;gerenciamento;inspeção;planejamento
TOMAS ROSA ENGENHARIA E ARQUITETURA LTDA,"RUA DR MARIO TOTTA, 714, 205 TRISTEZA",PORTO ALEGRE,RS,91920-130,51 3398-7798,WWW.HOMEOFFICEBRASIL.COM.BR,arquitetura;engenharia;estudos e projetos;inspeção;paisagismo;planejamento
TOPOCART TOPOGRAFIA ENG E AEROLEVANTAMENTOS SS LTD,"SDS BL L 30, SL 903 ED. MIGUEL BADYA ASA SUL",BRASILIA,DF,70394-901,61 3799-5000,,aerofotogrametria;arquitetura;controles tecnológicos;engenharia;estudos e projetos;geotecnia;gerenciamento;paisagismo;planejamento;topografia
TPF ENGENHARIA LTDA,"RUA IRENE RAMOS GOMES DE MATTOS 176, PINA",RECIFE,PE,51011-530,81 3316-0700,www.tpfengenharia.com.br,controles tecnológicos;engenharia;estudos e projetos;gerenciamento;inspeção;planejamento
TPF ENGENHARIA LTDA.,"Alameda Campinas, 579, 5º andar Jardim Paulista",São Paulo,SP,01404-100,11 3237-2580,www.tpfengenharia.com.br,arquitetura;engenharia;estudos e projetos;gerenciamento;planejamento;topografia
TRAFECON CONSULTORIA E PROJ DE ENGENHARIA,"RUA PEREIRA NUNES, 66, SL 301 TIJUCA",RIO DE JANEIRO,RJ,20511-120,21 2569-4660,,controles tecnológicos;engenharia;estudos e projetos;geotecnia;gerenciamento;planejamento;topografia
TRANSMAR CONSULTORIA E ENGENHARIA LTDA EPP,"AV JERONIMO MONTEIRO 490, SLS 211/212 CENTRO  .br",VITORIA,ES,29010-002,27 3289-0036,transmarconsultoria.com,arquitetura;engenharia;estudos e projetos;geotecnia;gerenciamento;planejamento;topografia
TRENTO ENGENHARIA LTDA.,Av. Luís Viana nº 6462  (71) 3012-1930,Salas 905 – 906 -907 – Edifício Wall Street East – Paralela Salvador,BA,41730-101,,www.trentoengenharia.com.br,arquitetura;paisagismo
TROPICAL ENGENHARIA SERVICOS E CONSULTORIA LTDA,SCN QUADRA 6,"BL0C0 A SALA 313, ASA NORTE – BRASILIA",DF,70716-900,61 3963-2713,WWW.TROPICALGROUP.COM.BR,engenharia;estudos e projetos;geotecnia
TSA – TECNOLOGIA DE SISTEMAS DE AUTOMACAO S/A,"AV BARAO HOMEM DE MELO 4324, 4 AND ESTORIL",BELO HORIZONTE,MG,30494-270,31 3055-5000,WWW.TSAENGENHARIA.COM.BR,engenharia;estudos e projetos;planejamento
UFC ENGENHARIA LTDA,"TRAV OSMAN LORDELO GUIMARAES, QD F 1034, LOTES 1 CENTRO",LAURO DE FREITAS,BA,42700-000,71 3797-2100,WWW.UFCENGENHARIA.COM.BR,arquitetura;engenharia;estudos e projetos;geotecnia;gerenciamento;topografia
UNICA CONSULTORES DE ENG URBANA SS,"RUA MIGUEL DAUX, 105, COQUEIROS",FLORIANOPOLIS,SC,88080-220,48 3244-1125,,engenharia;estudos e projetos
UNICA CONSULTORES DE ENG URBANA SS,"AV NSA SENHORA DOS NAVEGANTES 451, SL 1516 ENSEADA DO SUA",VITORIA,ES,29050-335,27 2123-0900,www.unicaconsultores.com.br,engenharia;estudos e projetos;gerenciamento
UNIDEC ENGENHARIA CONSULTIVA LTDA,"TRAVESSA GENOVA, 69, SALA ATUBA",COLOMBO,PR,83413-270,41 3675-7575,,engenharia;estudos e projetos
UNITEC ENGENHARIA CIVIL LTDA,"RUA FLAVIO UCHOA, 1886, CAMPOS ELISEOS",RIBEIRAO PRETO,SP,14085-600,16 3979-5050,www.unitecengenharia.com.br,controles tecnológicos;estudos e projetos;gerenciamento;planejamento
URBANA LOGISTICA AMBIENTAL DO BRASIL LTDA. – EPP,"DOS ANDRADAS 1001, SALA 902 CENTRO HISTORICO",PORTO ALEGRE,RS,90020-015,5136872166,,arquitetura;engenharia;estudos e projetos;gerenciamento;inspeção;planejamento;topografia
URBANIZA ENGENHARIA CONSULTIVA LTDA,"CALC ALDEBARA (CENTRO DE APOIO II) 180, ANDAR: 2; SALA: 212; ALPHAVILLE",SANTANA DE PARNAIBA,SP,06541-055,11 3060-6200,,arquitetura;engenharia;estudos e projetos;geotecnia;gerenciamento;paisagismo;planejamento;topografia
URBE CONSULTORIA E PROJETOS LTDA,"RUA RIO GRANDE DO NORTE, 1560, CJ 1006 FUNCIONARIOS",BELO HORIZONTE,MG,30130-131,31 3227-3416,www.urbeconsultoria.com.br,arquitetura;controles tecnológicos;engenharia;estudos e projetos;geotecnia;gerenciamento;paisagismo;planejamento;topografia
URPLAN GRUPO DE PLANEJAMENTO URBANISMO ARQ,"RUA PRISCILA DUTRA, 541, CENTRO",LAURO DE FREITAS,BA,42000-00,71 3379-4663,,arquitetura;estudos e projetos;gerenciamento;paisagismo;planejamento
VELLETRI & ASSOCIADOS LTDA,"RUA ALVARO RODRIGUES, 152, CJ 111 VILA CORDEIRO",SAO PAULO,SP,04582-000,11 5536-0093,,engenharia
VETEC ENGENHARIA LTDA,SCS QD 07 BL A,"SL 1112, 11 ANDAR ASA SUL – BRASILIA",DF,70307-902,61 3036-3377,,engenharia;estudos e projetos;gerenciamento
VETEC ENGENHARIA LTDA,"RUA PADRE MARINHO, 455, 10 AND SANTA EFIGENIA",BELO HORIZONTE,MG,30140-040,31 3214-3489,,engenharia;estudos e projetos
VETEC ENGENHARIA LTDA,"RUA OLIMPIADAS, 100, 2 AND VILA OLIMPIA",SAO PAULO,SP,04551-000,11 3048-9300,WWW.VETEC.COM.BR,arquitetura;engenharia;estudos e projetos;gerenciamento;inspeção;planejamento
VITORIO & MELO PROJETOS ESTRUTURAS E CONSULTORIA L,"RUA JOSEPH TURTON, 35, AP 02  .br",1 AND TAMARINEIRA – RECIFE,PE,52051-110,81 3442-1588,vitorioemelo.com,engenharia;estudos e projetos;gerenciamento
VIZCA ENGENHARIA E CONSULTORIA LTDA,"RUA CLAUDIO SOARES, 72, CONJUNTO 310 PINHEIROS",SAO PAULO,SP,05422-030,11 3926-0969,WWW.VIZCA.COM.BR,engenharia;gerenciamento;planejamento
ZF & ENGENHEIROS ASSOCIADOS S/S,"RUA EMBAIXADOR LEAO VELOSO, 102, AGUA BRANCA",SAO PAULO,SP,05003-030,11 3873-2500,WWW.ZFSOLOS.COM.BR,arquitetura;engenharia;estudos e projetos;geotecnia
ZMC CONSULTORES SS LTDA EPP,"RUA MANUEL DA NOBREGA, 760, VILA MARIANA",SAO PAULO,SP,04001-002,11 3887-1598,,engenharia;estudos e projetos;gerenciamento
